{"textures":{"0":"modelengine:entity/texture"},"elements":[{"name":"cube","from":[5.6,8.0,5.0],"to":[10.4,12.2,9.8],"rotation":{"angle":0.0,"axis":"x","origin":[8.0,-6.4000006,8.0]},"faces":{"down":{"uv":[14.030769,7.876923,12.061539,9.846154],"rotation":0,"texture":"#0","tintindex":0},"east":{"uv":[8.123077,9.846154,10.092308,11.569231],"rotation":0,"texture":"#0","tintindex":0},"north":{"uv":[10.092308,9.846154,12.061539,11.569231],"rotation":0,"texture":"#0","tintindex":0},"south":{"uv":[14.030769,9.846154,16.0,11.569231],"rotation":0,"texture":"#0","tintindex":0},"up":{"uv":[12.061539,9.846154,10.092308,7.876923],"rotation":0,"texture":"#0","tintindex":0},"west":{"uv":[12.061539,9.846154,14.030769,11.569231],"rotation":0,"texture":"#0","tintindex":0}}},{"name":"cube","from":[5.6,12.2,7.4],"to":[7.4,14.0,8.0],"rotation":{"angle":0.0,"axis":"x","origin":[8.0,-6.4000006,8.0]},"faces":{"down":{"uv":[1.9692308,7.6307693,1.2307693,7.876923],"rotation":0,"texture":"#0","tintindex":0},"east":{"uv":[0.24615385,7.876923,0.4923077,8.615385],"rotation":0,"texture":"#0","tintindex":0},"north":{"uv":[0.4923077,7.876923,1.2307693,8.615385],"rotation":0,"texture":"#0","tintindex":0},"south":{"uv":[1.4769231,7.876923,2.2153847,8.615385],"rotation":0,"texture":"#0","tintindex":0},"up":{"uv":[1.2307693,7.876923,0.4923077,7.6307693],"rotation":0,"texture":"#0","tintindex":0},"west":{"uv":[1.2307693,7.876923,1.4769231,8.615385],"rotation":0,"texture":"#0","tintindex":0}}},{"name":"cube","from":[8.6,12.2,7.4],"to":[10.4,14.0,8.0],"rotation":{"angle":0.0,"axis":"x","origin":[8.0,-6.4000006,8.0]},"faces":{"down":{"uv":[1.2307693,7.6307693,1.9692308,7.876923],"rotation":0,"texture":"#0","tintindex":0},"east":{"uv":[1.4769231,7.876923,1.2307693,8.615385],"rotation":0,"texture":"#0","tintindex":0},"north":{"uv":[1.2307693,7.876923,0.4923077,8.615385],"rotation":0,"texture":"#0","tintindex":0},"south":{"uv":[2.2153847,7.876923,1.4769231,8.615385],"rotation":0,"texture":"#0","tintindex":0},"up":{"uv":[0.4923077,7.876923,1.2307693,7.6307693],"rotation":0,"texture":"#0","tintindex":0},"west":{"uv":[0.4923077,7.876923,0.24615385,8.615385],"rotation":0,"texture":"#0","tintindex":0}}},{"name":"cube","from":[6.8,8.6,2.6],"to":[9.2,10.4,5.0],"rotation":{"angle":0.0,"axis":"x","origin":[8.0,-6.4000006,8.0]},"faces":{"down":{"uv":[3.2,5.6615386,2.2153847,6.646154],"rotation":0,"texture":"#0","tintindex":0},"east":{"uv":[0.24615385,6.646154,1.2307693,7.3846154],"rotation":0,"texture":"#0","tintindex":0},"north":{"uv":[1.2307693,6.646154,2.2153847,7.3846154],"rotation":0,"texture":"#0","tintindex":0},"south":{"uv":[3.2,6.646154,4.1846156,7.3846154],"rotation":0,"texture":"#0","tintindex":0},"up":{"uv":[2.2153847,6.646154,1.2307693,5.6615386],"rotation":0,"texture":"#0","tintindex":0},"west":{"uv":[2.2153847,6.646154,3.2,7.3846154],"rotation":0,"texture":"#0","tintindex":0}}},{"name":"cube","from":[6.8,8.6,2.6],"to":[9.2,10.4,5.0],"rotation":{"angle":0.0,"axis":"x","origin":[8.0,-6.4000006,8.0]},"faces":{"down":{"uv":[3.2,5.6615386,2.2153847,6.646154],"rotation":0,"texture":"#0","tintindex":0},"east":{"uv":[0.24615385,6.646154,1.2307693,7.3846154],"rotation":0,"texture":"#0","tintindex":0},"north":{"uv":[1.2307693,6.646154,2.2153847,7.3846154],"rotation":0,"texture":"#0","tintindex":0},"south":{"uv":[3.2,6.646154,4.1846156,7.3846154],"rotation":0,"texture":"#0","tintindex":0},"up":{"uv":[2.2153847,6.646154,1.2307693,5.6615386],"rotation":0,"texture":"#0","tintindex":0},"west":{"uv":[2.2153847,6.646154,3.2,7.3846154],"rotation":0,"texture":"#0","tintindex":0}}}],"display":{"head":{"translation":[0.0,-6.4,0.0],"rotation":[0.0,0.0,0.0],"scale":[3.8095,3.8095,3.8095]}}}