{"textures":{"0":"modelengine:entity/texture"},"elements":[{"name":"cube","from":[6.8,0.7999997,6.2],"to":[9.2,8.0,9.8],"rotation":{"angle":0.0,"axis":"x","origin":[8.0,0.7999997,8.0]},"faces":{"down":{"uv":[8.861539,3.4461539,7.876923,4.923077],"rotation":0,"texture":"#0","tintindex":0},"east":{"uv":[5.415385,4.923077,6.8923078,7.876923],"rotation":0,"texture":"#0","tintindex":0},"north":{"uv":[6.8923078,4.923077,7.876923,7.876923],"rotation":0,"texture":"#0","tintindex":0},"south":{"uv":[9.353847,4.923077,10.338462,7.876923],"rotation":0,"texture":"#0","tintindex":0},"up":{"uv":[7.876923,4.923077,6.8923078,3.4461539],"rotation":0,"texture":"#0","tintindex":0},"west":{"uv":[7.876923,4.923077,9.353847,7.876923],"rotation":0,"texture":"#0","tintindex":0}}}],"display":{"head":{"translation":[0.0,-6.4,0.0],"rotation":[0.0,0.0,0.0],"scale":[3.8095,3.8095,3.8095]}}}