{"textures":{"0":"modelengine:entity/texture"},"elements":[{"name":"cube","from":[6.2,0.7999997,6.2],"to":[8.6,9.2,9.8],"rotation":{"angle":0.0,"axis":"x","origin":[11.0,-5.200001,8.0]},"faces":{"down":{"uv":[14.276923,2.4615386,13.292308,3.9384615],"rotation":0,"texture":"#0","tintindex":0},"east":{"uv":[10.83077,3.9384615,12.307693,7.3846154],"rotation":0,"texture":"#0","tintindex":0},"north":{"uv":[12.307693,3.9384615,13.292308,7.3846154],"rotation":0,"texture":"#0","tintindex":0},"south":{"uv":[14.769231,3.9384615,15.753846,7.3846154],"rotation":0,"texture":"#0","tintindex":0},"up":{"uv":[13.292308,3.9384615,12.307693,2.4615386],"rotation":0,"texture":"#0","tintindex":0},"west":{"uv":[13.292308,3.9384615,14.769231,7.3846154],"rotation":0,"texture":"#0","tintindex":0}}},{"name":"cube","from":[6.2,-2.8000002,6.8],"to":[8.6,0.7999997,6.8],"rotation":{"angle":0.0,"axis":"x","origin":[11.0,-5.200001,8.0]},"faces":{"down":{"uv":[15.507692,0.24615385,14.523077,0.24615385],"rotation":0,"texture":"#0","tintindex":0},"east":{"uv":[13.538462,0.24615385,13.538462,1.7230769],"rotation":0,"texture":"#0","tintindex":0},"north":{"uv":[13.538462,0.24615385,14.523077,1.7230769],"rotation":0,"texture":"#0","tintindex":0},"south":{"uv":[14.523077,0.24615385,15.507692,1.7230769],"rotation":0,"texture":"#0","tintindex":0},"up":{"uv":[14.523077,0.24615385,13.538462,0.24615385],"rotation":0,"texture":"#0","tintindex":0},"west":{"uv":[14.523077,0.24615385,14.523077,1.7230769],"rotation":0,"texture":"#0","tintindex":0}}},{"name":"cube","from":[6.2,-2.8000002,9.2],"to":[8.6,0.7999997,9.2],"rotation":{"angle":0.0,"axis":"x","origin":[11.0,-5.200001,8.0]},"faces":{"down":{"uv":[15.507692,0.24615385,14.523077,0.24615385],"rotation":0,"texture":"#0","tintindex":0},"east":{"uv":[13.538462,0.24615385,13.538462,1.7230769],"rotation":0,"texture":"#0","tintindex":0},"north":{"uv":[13.538462,0.24615385,14.523077,1.7230769],"rotation":0,"texture":"#0","tintindex":0},"south":{"uv":[14.523077,0.24615385,15.507692,1.7230769],"rotation":0,"texture":"#0","tintindex":0},"up":{"uv":[14.523077,0.24615385,13.538462,0.24615385],"rotation":0,"texture":"#0","tintindex":0},"west":{"uv":[14.523077,0.24615385,14.523077,1.7230769],"rotation":0,"texture":"#0","tintindex":0}}},{"name":"cube","from":[6.2,-4.0000005,8.0],"to":[8.6,0.7999997,8.0],"rotation":{"angle":0.0,"axis":"x","origin":[11.0,-5.200001,8.0]},"faces":{"down":{"uv":[15.507692,11.815385,14.523077,11.815385],"rotation":0,"texture":"#0","tintindex":0},"east":{"uv":[13.538462,11.815385,13.538462,13.7846155],"rotation":0,"texture":"#0","tintindex":0},"north":{"uv":[13.538462,11.815385,14.523077,13.7846155],"rotation":0,"texture":"#0","tintindex":0},"south":{"uv":[14.523077,11.815385,15.507692,13.7846155],"rotation":0,"texture":"#0","tintindex":0},"up":{"uv":[14.523077,11.815385,13.538462,11.815385],"rotation":0,"texture":"#0","tintindex":0},"west":{"uv":[14.523077,11.815385,14.523077,13.7846155],"rotation":0,"texture":"#0","tintindex":0}}}],"display":{"head":{"translation":[0.0,-6.4,0.0],"rotation":[0.0,0.0,0.0],"scale":[3.8095,3.8095,3.8095]}}}