{"textures":{"0":"modelengine:entity/texture"},"elements":[{"name":"cube","from":[6.8,7.4,5.6],"to":[9.2,8.0,8.0],"rotation":{"angle":0.0,"axis":"x","origin":[8.0,-7.000001,11.0]},"faces":{"down":{"uv":[3.2,12.307693,2.2153847,13.292308],"rotation":0,"texture":"#0","tintindex":0},"east":{"uv":[0.24615385,13.292308,1.2307693,13.538462],"rotation":0,"texture":"#0","tintindex":0},"north":{"uv":[1.2307693,13.292308,2.2153847,13.538462],"rotation":0,"texture":"#0","tintindex":0},"south":{"uv":[3.2,13.292308,4.1846156,13.538462],"rotation":0,"texture":"#0","tintindex":0},"up":{"uv":[2.2153847,13.292308,1.2307693,12.307693],"rotation":0,"texture":"#0","tintindex":0},"west":{"uv":[2.2153847,13.292308,3.2,13.538462],"rotation":0,"texture":"#0","tintindex":0}}}],"display":{"head":{"translation":[0.0,-6.4,0.0],"rotation":[0.0,0.0,0.0],"scale":[3.8095,3.8095,3.8095]}}}