{"textures":{"0":"modelengine:entity/lord_demon"},"elements":[{"name":"cube","from":[6.4185877,1.0009396,6.351774],"to":[9.540998,8.051892,9.474186],"rotation":{"angle":0.0,"axis":"x","origin":[18.415222,-20.871498,5.36575]},"faces":{"down":{"uv":[3.0625,9.375,2.75,9.6875],"rotation":0,"texture":"#0","tintindex":0},"east":{"uv":[4.4375,6.875,4.75,7.625],"rotation":0,"texture":"#0","tintindex":0},"north":{"uv":[0.0,6.875,0.3125,7.625],"rotation":0,"texture":"#0","tintindex":0},"south":{"uv":[5.0625,6.875,5.375,7.625],"rotation":0,"texture":"#0","tintindex":0},"up":{"uv":[9.6875,2.75,9.375,2.4375],"rotation":0,"texture":"#0","tintindex":0},"west":{"uv":[1.25,6.9375,1.5625,7.6875],"rotation":0,"texture":"#0","tintindex":0}}},{"name":"cube","from":[8.390637,-1.972692,6.351774],"to":[9.540998,-0.6579926,8.159486],"rotation":{"angle":0.0,"axis":"x","origin":[18.415222,-20.871498,5.36575]},"faces":{"down":{"uv":[11.5625,1.0625,11.4375,1.25],"rotation":0,"texture":"#0","tintindex":0},"east":{"uv":[11.4375,0.8125,11.625,0.9375],"rotation":0,"texture":"#0","tintindex":0},"north":{"uv":[1.375,11.6875,1.5,11.8125],"rotation":0,"texture":"#0","tintindex":0},"south":{"uv":[11.6875,1.8125,11.8125,1.9375],"rotation":0,"texture":"#0","tintindex":0},"up":{"uv":[0.5625,11.625,0.4375,11.4375],"rotation":0,"texture":"#0","tintindex":0},"west":{"uv":[11.4375,0.9375,11.625,1.0625],"rotation":0,"texture":"#0","tintindex":0}}},{"name":"cube","from":[6.582925,-2.630042,6.351774],"to":[7.7332873,-0.6579926,9.474186],"rotation":{"angle":45.0,"axis":"z","origin":[6.9937687,-1.8083549,7.91298]},"faces":{"down":{"uv":[8.4375,10.9375,8.3125,11.25],"rotation":0,"texture":"#0","tintindex":0},"east":{"uv":[0.25,10.5,0.5625,10.6875],"rotation":0,"texture":"#0","tintindex":0},"north":{"uv":[11.4375,1.25,11.5625,1.4375],"rotation":0,"texture":"#0","tintindex":0},"south":{"uv":[11.4375,1.4375,11.5625,1.625],"rotation":0,"texture":"#0","tintindex":0},"up":{"uv":[7.25,11.25,7.125,10.9375],"rotation":0,"texture":"#0","tintindex":0},"west":{"uv":[10.5,0.4375,10.8125,0.625],"rotation":0,"texture":"#0","tintindex":0}}},{"name":"cube","from":[6.089913,-2.630042,6.6804495],"to":[6.582925,-6.427765E-4,9.145512],"rotation":{"angle":45.0,"axis":"z","origin":[6.9937687,-1.8083549,7.91298]},"faces":{"down":{"uv":[3.0625,11.6875,3.0,11.9375],"rotation":0,"texture":"#0","tintindex":0},"east":{"uv":[10.3125,6.0,10.5625,6.25],"rotation":0,"texture":"#0","tintindex":0},"north":{"uv":[1.5,11.6875,1.5625,11.9375],"rotation":0,"texture":"#0","tintindex":0},"south":{"uv":[2.375,11.6875,2.4375,11.9375],"rotation":0,"texture":"#0","tintindex":0},"up":{"uv":[11.75,2.875,11.6875,2.625],"rotation":0,"texture":"#0","tintindex":0},"west":{"uv":[10.3125,6.25,10.5625,6.5],"rotation":0,"texture":"#0","tintindex":0}}},{"name":"cube","from":[5.761238,-0.16498113,6.187437],"to":[6.4185877,2.7930937,9.802861],"rotation":{"angle":0.0,"axis":"x","origin":[18.415222,-20.871498,5.36575]},"faces":{"down":{"uv":[11.5,1.9375,11.4375,2.3125],"rotation":0,"texture":"#0","tintindex":0},"east":{"uv":[9.0,3.125,9.375,3.4375],"rotation":0,"texture":"#0","tintindex":0},"north":{"uv":[11.5625,6.625,11.625,6.9375],"rotation":0,"texture":"#0","tintindex":0},"south":{"uv":[11.5625,7.6875,11.625,8.0],"rotation":0,"texture":"#0","tintindex":0},"up":{"uv":[0.125,11.8125,0.0625,11.4375],"rotation":0,"texture":"#0","tintindex":0},"west":{"uv":[4.625,9.0,5.0,9.3125],"rotation":0,"texture":"#0","tintindex":0}}},{"name":"cube","from":[6.4185877,-0.16498113,5.8587623],"to":[9.540998,2.7930937,6.351774],"rotation":{"angle":0.0,"axis":"x","origin":[18.415222,-20.871498,5.36575]},"faces":{"down":{"uv":[11.8125,9.625,11.5,9.6875],"rotation":0,"texture":"#0","tintindex":0},"east":{"uv":[7.875,11.5625,7.9375,11.875],"rotation":0,"texture":"#0","tintindex":0},"north":{"uv":[3.0625,9.375,3.375,9.6875],"rotation":0,"texture":"#0","tintindex":0},"south":{"uv":[9.375,3.0625,9.6875,3.375],"rotation":0,"texture":"#0","tintindex":0},"up":{"uv":[11.8125,9.625,11.5,9.5625],"rotation":0,"texture":"#0","tintindex":0},"west":{"uv":[7.9375,11.5625,8.0,11.875],"rotation":0,"texture":"#0","tintindex":0}}},{"name":"cube","from":[6.9116,2.7930937,5.8587623],"to":[9.047987,4.1077933,6.351774],"rotation":{"angle":0.0,"axis":"x","origin":[18.415222,-20.871498,5.36575]},"faces":{"down":{"uv":[11.9375,0.25,11.6875,0.3125],"rotation":0,"texture":"#0","tintindex":0},"east":{"uv":[1.0625,11.875,1.125,12.0],"rotation":0,"texture":"#0","tintindex":0},"north":{"uv":[11.25,3.75,11.5,3.875],"rotation":0,"texture":"#0","tintindex":0},"south":{"uv":[5.1875,11.25,5.4375,11.375],"rotation":0,"texture":"#0","tintindex":0},"up":{"uv":[11.875,11.0625,11.625,11.0],"rotation":0,"texture":"#0","tintindex":0},"west":{"uv":[11.875,1.0625,11.9375,1.1875],"rotation":0,"texture":"#0","tintindex":0}}},{"name":"cube","from":[6.4185877,-0.16498113,9.474186],"to":[8.226299,2.7930937,10.131536],"rotation":{"angle":0.0,"axis":"x","origin":[18.415222,-20.871498,5.36575]},"faces":{"down":{"uv":[12.0,1.875,11.8125,1.9375],"rotation":0,"texture":"#0","tintindex":0},"east":{"uv":[8.1875,11.5625,8.25,11.875],"rotation":0,"texture":"#0","tintindex":0},"north":{"uv":[4.8125,8.25,5.0,8.5625],"rotation":0,"texture":"#0","tintindex":0},"south":{"uv":[8.5625,10.4375,8.75,10.75],"rotation":0,"texture":"#0","tintindex":0},"up":{"uv":[12.0,1.875,11.8125,1.8125],"rotation":0,"texture":"#0","tintindex":0},"west":{"uv":[8.25,11.5625,8.3125,11.875],"rotation":0,"texture":"#0","tintindex":0}}},{"name":"cube","from":[6.9116,0.16369438,5.5300875],"to":[9.047987,2.1357427,5.8587623],"rotation":{"angle":0.0,"axis":"x","origin":[18.415222,-20.871498,5.36575]},"faces":{"down":{"uv":[11.9375,2.0,11.6875,2.0625],"rotation":0,"texture":"#0","tintindex":0},"east":{"uv":[2.9375,11.8125,3.0,12.0],"rotation":0,"texture":"#0","tintindex":0},"north":{"uv":[10.75,0.1875,11.0,0.375],"rotation":0,"texture":"#0","tintindex":0},"south":{"uv":[10.75,2.1875,11.0,2.375],"rotation":0,"texture":"#0","tintindex":0},"up":{"uv":[11.9375,2.0,11.6875,1.9375],"rotation":0,"texture":"#0","tintindex":0},"west":{"uv":[3.125,11.8125,3.1875,12.0],"rotation":0,"texture":"#0","tintindex":0}}},{"name":"cube","from":[6.4185877,-0.82233095,6.187437],"to":[9.705338,2.1357427,9.638523],"rotation":{"angle":0.0,"axis":"x","origin":[18.415222,-20.871498,5.36575]},"faces":{"down":{"uv":[0.3125,9.0625,0.0,9.4375],"rotation":0,"texture":"#0","tintindex":0},"east":{"uv":[5.0,9.0,5.375,9.3125],"rotation":0,"texture":"#0","tintindex":0},"north":{"uv":[0.0,9.4375,0.3125,9.75],"rotation":0,"texture":"#0","tintindex":0},"south":{"uv":[9.4375,1.6875,9.75,2.0],"rotation":0,"texture":"#0","tintindex":0},"up":{"uv":[3.5625,9.375,3.25,9.0],"rotation":0,"texture":"#0","tintindex":0},"west":{"uv":[5.375,9.0,5.75,9.3125],"rotation":0,"texture":"#0","tintindex":0}}},{"name":"cube","from":[6.25425,4.600805,6.187437],"to":[9.705338,7.230204,9.638523],"rotation":{"angle":0.0,"axis":"x","origin":[18.415222,-20.871498,5.36575]},"faces":{"down":{"uv":[7.875,8.3125,7.5,8.6875],"rotation":0,"texture":"#0","tintindex":0},"east":{"uv":[9.6875,6.125,10.0625,6.375],"rotation":0,"texture":"#0","tintindex":0},"north":{"uv":[9.6875,5.875,10.0625,6.125],"rotation":0,"texture":"#0","tintindex":0},"south":{"uv":[9.6875,6.375,10.0625,6.625],"rotation":0,"texture":"#0","tintindex":0},"up":{"uv":[8.6875,2.25,8.3125,1.875],"rotation":0,"texture":"#0","tintindex":0},"west":{"uv":[6.5,9.6875,6.875,9.9375],"rotation":0,"texture":"#0","tintindex":0}}},{"name":"cube","from":[5.432563,-0.16498113,7.009124],"to":[5.761238,4.765142,8.816835],"rotation":{"angle":0.0,"axis":"x","origin":[18.415222,-20.871498,5.36575]},"faces":{"down":{"uv":[11.875,3.75,11.8125,3.9375],"rotation":0,"texture":"#0","tintindex":0},"east":{"uv":[5.5625,9.625,5.75,10.125],"rotation":0,"texture":"#0","tintindex":0},"north":{"uv":[5.4375,11.25,5.5,11.75],"rotation":0,"texture":"#0","tintindex":0},"south":{"uv":[5.5,11.25,5.5625,11.75],