{"textures":{"0":"modelengine:entity/lord_demon"},"elements":[{"name":"cube","from":[7.8494277,16.718044,6.2436533],"to":[9.448788,18.317402,12.540653],"rotation":{"angle":0.0,"axis":"x","origin":[10.808243,15.280441,9.392153]},"faces":{"down":{"uv":[9.0625,8.8125,9.6875,9.0],"rotation":270,"texture":"#0","tintindex":0},"east":{"uv":[6.125,9.125,5.9375,9.75],"rotation":270,"texture":"#0","tintindex":0},"north":{"uv":[11.125,7.0625,11.3125,7.25],"rotation":90,"texture":"#0","tintindex":0},"south":{"uv":[11.125,7.5,11.3125,7.6875],"rotation":270,"texture":"#0","tintindex":0},"up":{"uv":[9.0625,2.25,9.6875,2.4375],"rotation":270,"texture":"#0","tintindex":0},"west":{"uv":[9.25,9.625,9.0625,9.0],"rotation":270,"texture":"#0","tintindex":0}}},{"name":"cube","from":[6.4368725,13.725317,12.540653],"to":[11.048148,16.718044,13.440773],"rotation":{"angle":0.0,"axis":"x","origin":[8.74251,15.221678,9.392153]},"faces":{"down":{"uv":[5.875,10.25,6.0,10.75],"rotation":270,"texture":"#0","tintindex":0},"east":{"uv":[11.25,10.375,10.9375,10.5],"rotation":270,"texture":"#0","tintindex":0},"north":{"uv":[2.875,8.0625,3.1875,8.5625],"rotation":90,"texture":"#0","tintindex":0},"south":{"uv":[8.0625,3.0625,8.375,3.5625],"rotation":270,"texture":"#0","tintindex":0},"up":{"uv":[4.125,10.25,4.25,10.75],"rotation":270,"texture":"#0","tintindex":0},"west":{"uv":[11.25,10.375,10.9375,10.25],"rotation":270,"texture":"#0","tintindex":0}}},{"name":"cube","from":[9.448788,16.718044,6.2436533],"to":[11.048148,17.51772,12.540653],"rotation":{"angle":0.0,"axis":"x","origin":[10.808243,15.280441,9.392153]},"faces":{"down":{"uv":[9.0625,0.4375,9.6875,0.625],"rotation":270,"texture":"#0","tintindex":0},"east":{"uv":[6.25,10.9375,6.1875,11.5625],"rotation":270,"texture":"#0","tintindex":0},"north":{"uv":[11.8125,8.4375,11.875,8.625],"rotation":90,"texture":"#0","tintindex":0},"south":{"uv":[11.8125,8.625,11.875,8.8125],"rotation":270,"texture":"#0","tintindex":0},"up":{"uv":[0.3125,9.0625,0.9375,9.25],"rotation":270,"texture":"#0","tintindex":0},"west":{"uv":[5.75,11.5625,5.6875,10.9375],"rotation":270,"texture":"#0","tintindex":0}}},{"name":"cube","from":[11.048148,12.92564,6.2436533],"to":[11.847828,16.718044,12.540653],"rotation":{"angle":0.0,"axis":"x","origin":[10.808243,15.280441,9.392153]},"faces":{"down":{"uv":[10.625,7.375,11.25,7.4375],"rotation":270,"texture":"#0","tintindex":0},"east":{"uv":[7.375,0.5625,7.0,1.1875],"rotation":270,"texture":"#0","tintindex":0},"north":{"uv":[11.4375,2.5625,11.8125,2.625],"rotation":90,"texture":"#0","tintindex":0},"south":{"uv":[11.4375,3.125,11.8125,3.1875],"rotation":270,"texture":"#0","tintindex":0},"up":{"uv":[8.3125,2.4375,8.9375,2.5],"rotation":270,"texture":"#0","tintindex":0},"west":{"uv":[2.875,7.5625,2.5,6.9375],"rotation":270,"texture":"#0","tintindex":0}}},{"name":"cube","from":[11.847828,12.92564,8.242853],"to":[12.647509,16.718044,10.541454],"rotation":{"angle":0.0,"axis":"x","origin":[10.808243,15.280441,9.392153]},"faces":{"down":{"uv":[11.6875,6.8125,11.9375,6.875],"rotation":270,"texture":"#0","tintindex":0},"east":{"uv":[1.0,9.75,0.625,10.0],"rotation":270,"texture":"#0","tintindex":0},"north":{"uv":[11.4375,3.625,11.8125,3.6875],"rotation":90,"texture":"#0","tintindex":0},"south":{"uv":[11.4375,5.0,11.8125,5.0625],"rotation":270,"texture":"#0","tintindex":0},"up":{"uv":[11.6875,5.0625,11.9375,5.125],"rotation":270,"texture":"#0","tintindex":0},"west":{"uv":[10.0625,8.9375,9.6875,8.6875],"rotation":270,"texture":"#0","tintindex":0}}},{"name":"cube","from":[11.048148,11.326278,7.8430133],"to":[11.847828,12.919561,10.941294],"rotation":{"angle":0.0,"axis":"x","origin":[10.808243,15.280441,9.392153]},"faces":{"down":{"uv":[11.5625,3.375,11.875,3.4375],"rotation":270,"texture":"#0","tintindex":0},"east":{"uv":[1.125,10.5,0.9375,10.8125],"rotation":270,"texture":"#0","tintindex":0},"north":{"uv":[11.8125,8.0625,12.0,8.125],"rotation":90,"texture":"#0","tintindex":0},"south":{"uv":[11.8125,8.125,12.0,8.1875],"rotation":270,"texture":"#0","tintindex":0},"up":{"uv":[11.5625,1.75,11.875,1.8125],"rotation":270,"texture":"#0","tintindex":0},"west":{"uv":[10.6875,0.9375,10.5,0.625],"rotation":270,"texture":"#0","tintindex":0}}},{"name":"cube","from":[6.4368725,13.725317,5.3435335],"to":[11.048148,16.718044,6.2436533],"rotation":{"angle":0.0,"axis":"x","origin":[8.74251,15.221678,9.392153]},"faces":{"down":{"uv":[0.0,10.25,0.125,10.75],"rotation":270,"texture":"#0","tintindex":0},"east":{"uv":[11.25,9.6875,10.9375,9.8125],"rotation":270,"texture":"#0","tintindex":0},"north":{"uv":[7.875,6.5,8.1875,7.0],"rotation":90,"texture":"#0","tintindex":0},"south":{"uv":[6.6875,7.9375,7.0,8.4375],"rotation":270,"texture":"#0","tintindex":0},"up":{"uv":[6.875,10.1875,7.0,10.6875],"rotation":270,"texture":"#0","tintindex":0},"west":{"uv":[11.25,9.5625,10.9375,9.4375],"rotation":270,"texture":"#0","tintindex":0}}},{"name":"cube","from":[8.776768,5.5914354,6.1851163],"to":[9.882885,6.9560103,10.489954],"rotation":{"angle":0.0,"axis":"x","origin":[-4.154379,-27.156422,6.942893]},"faces":{"down":{"uv":[9.125,10.5,9.0,10.9375],"rotation":0,"texture":"#0","tintindex":0},"east":{"uv":[10.5,0.9375,10.9375,1.0625],"rotation":0,"texture":"#0","tintindex":0},"north":{"uv":[11.625,11.6875,11.75,11.8125],"rotation":0,"texture":"#0","tintindex":0},"south":{"uv":[11.75,0.0,11.875,0.125],"rotation":0,"texture":"#0","tintindex":0},"up":{"uv":[8.4375,10.9375,8.3125,10.5],"rotation":0,"texture":"#0","tintindex":0},"west":{"uv":[7.375,10.5,7.8125,10.625],"rotation":0,"texture":"#0","tintindex":0}}},{"name":"cube","from":[8.776768,4.4718847,6.1851163],"to":[9.483046,5.6365385,8.8905945],"rotation":{"angle":0.0,"axis":"x","origin":[-4.154379,-27.156422,6.942893]},"faces":{"down":{"uv":[11.625,11.1875,11.5625,11.5],"rotation":0,"texture":"#0","tintindex":0},"east":{"uv":[10.9375,8.5625,11.25,8.6875],"rotation":0,"texture":"#0","tintindex":0},"north":{"uv":[1.8125,11.875,1.875,12.0],"rotation":0,"texture":"#0","tintindex":0},"south":{"uv":[11.875,2.3125,11.9375,2.4375],"rotation":0,"texture":"#0","tintindex":0},"up":{"uv":[10.9375,11.875,10.875,11.5625],"rotation":0,"texture":"#0","tintindex":0},"west":{"uv":[10.9375,9.3125,11.25,9.4375],"rotation":0,"texture":"#0","tintindex":0}}},{"name":"cube","from":[8.776768,3.1923964,6.1851163],"to":[9.882885,4.556969,10.489954],"rotation":{"angle":0.0,"axis":"x","origin":[-4.154379,-27.156422,6.942893]},"faces":{"down":{"uv":[10.125,10.5,10.0,10.9375],"rotation":0,"texture":"#0","tintindex":0},"east":{"uv":[10.5,8.5625,10.9375,8.6875],"rotation":0,"texture":"#0","tintindex":0},"north":{"uv":[11.75,0.5625,11.875,0.6875],"rotation":0,"texture":"#0","tintindex":0},"south":{"uv":[11.75,0.6875,11.875,0.8125],"rotation":0,"texture":"#0","tintindex":0},"up":{"uv":[9.25,10.9375,9.125,10.5],"rotation":0,"texture":"#0","tintindex":0},"west":{"uv":[10.5,9.75,10.9375,9.875],"rotation":0,"texture":"#0","tintindex":0}}},{"name":"cube","from":[4.378527,2.3927152,5.385436],"to":[8.980206,8.55537,6.4915543],"rotation":{"angle":0.0,"axis":"x","origin":[-4.154379,-27.156422,6.942893]},"faces":{"down":{"uv":[10.8125,7.625,10.3125,7.75],"rotation":0,"texture":"#0","tintindex":0},"east":{"uv":[2.8125,9.9375,2.9375,10.5625],"rotation":0,"texture":"#0","tintindex":0},"north":{"uv":[2.25,4.75,2.75,5.375],"rotation":0,"texture":"#0","tintindex":0},"south":{"uv":[2.75,4.75,3.25,5.375],"rotation":0,"texture":"#0","tintindex":0},"up":{"uv":[10.8125,5.5625,10.3125,5.4375],"rotation":0,"texture":"#0","tintindex":0},"west":{"uv":[2.9375,9.9375,3.0625,10.5625],"rotation":0,"texture":"#0","tintindex":0}}},{"name":"cube","from":[5.1782074,2.3927152,4.3858366],"to":[7.380846,8.55537,5.411986],"rotation":{"angle":0.0,"axis":"x","origin":[-4.154379,-27.156422,6.942893]},"faces":{"down":{"uv":[11.5,7.25,11.25,7.375],"rotation":0,"texture":"#0","tintindex":0},"east":{"uv":[1.5625,9.9375,1.6875,10.5625],"rotation":0,"texture":"#0","tintindex":0},