{"textures":{"0":"modelengine:entity/lord_demon"},"elements":[{"name":"cube","from":[6.551213,16.718044,6.2436533],"to":[8.150572,18.317402,12.540653],"rotation":{"angle":0.0,"axis":"x","origin":[5.1917562,15.280441,9.392153]},"faces":{"down":{"uv":[9.125,3.4375,9.75,3.625],"rotation":90,"texture":"#0","tintindex":0},"east":{"uv":[7.9375,9.75,7.75,9.125],"rotation":90,"texture":"#0","tintindex":0},"north":{"uv":[11.125,8.25,11.3125,8.4375],"rotation":270,"texture":"#0","tintindex":0},"south":{"uv":[11.125,11.0,11.3125,11.1875],"rotation":90,"texture":"#0","tintindex":0},"up":{"uv":[9.125,3.625,9.75,3.8125],"rotation":90,"texture":"#0","tintindex":0},"west":{"uv":[8.125,9.125,7.9375,9.75],"rotation":90,"texture":"#0","tintindex":0}}},{"name":"cube","from":[4.951852,13.725317,12.540653],"to":[9.5631275,16.718044,13.440773],"rotation":{"angle":0.0,"axis":"x","origin":[7.2574897,15.221678,9.392153]},"faces":{"down":{"uv":[7.25,10.3125,7.375,10.8125],"rotation":90,"texture":"#0","tintindex":0},"east":{"uv":[11.25,10.875,10.9375,10.75],"rotation":90,"texture":"#0","tintindex":0},"north":{"uv":[8.0625,3.5625,8.375,4.0625],"rotation":270,"texture":"#0","tintindex":0},"south":{"uv":[5.0,8.0625,5.3125,8.5625],"rotation":90,"texture":"#0","tintindex":0},"up":{"uv":[10.3125,7.75,10.4375,8.25],"rotation":90,"texture":"#0","tintindex":0},"west":{"uv":[11.25,10.875,10.9375,11.0],"rotation":90,"texture":"#0","tintindex":0}}},{"name":"cube","from":[4.951852,16.718044,6.2436533],"to":[6.551213,17.51772,12.540653],"rotation":{"angle":0.0,"axis":"x","origin":[5.1917562,15.280441,9.392153]},"faces":{"down":{"uv":[9.125,4.75,9.75,4.9375],"rotation":90,"texture":"#0","tintindex":0},"east":{"uv":[8.875,11.5625,8.8125,10.9375],"rotation":90,"texture":"#0","tintindex":0},"north":{"uv":[11.8125,8.8125,11.875,9.0],"rotation":270,"texture":"#0","tintindex":0},"south":{"uv":[11.8125,9.0,11.875,9.1875],"rotation":90,"texture":"#0","tintindex":0},"up":{"uv":[9.125,6.8125,9.75,7.0],"rotation":90,"texture":"#0","tintindex":0},"west":{"uv":[9.0625,10.9375,9.0,11.5625],"rotation":90,"texture":"#0","tintindex":0}}},{"name":"cube","from":[4.1521716,12.92564,6.2436533],"to":[4.951852,16.718044,12.540653],"rotation":{"angle":0.0,"axis":"x","origin":[5.1917562,15.280441,9.392153]},"faces":{"down":{"uv":[10.875,5.1875,11.5,5.25],"rotation":90,"texture":"#0","tintindex":0},"east":{"uv":[3.25,7.625,2.875,7.0],"rotation":90,"texture":"#0","tintindex":0},"north":{"uv":[11.4375,5.25,11.8125,5.3125],"rotation":270,"texture":"#0","tintindex":0},"south":{"uv":[11.4375,5.3125,11.8125,5.375],"rotation":90,"texture":"#0","tintindex":0},"up":{"uv":[10.9375,0.375,11.5625,0.4375],"rotation":90,"texture":"#0","tintindex":0},"west":{"uv":[5.75,7.0,5.375,7.625],"rotation":90,"texture":"#0","tintindex":0}}},{"name":"cube","from":[3.3524919,12.92564,8.242853],"to":[4.1521716,16.718044,10.541454],"rotation":{"angle":0.0,"axis":"x","origin":[5.1917562,15.280441,9.392153]},"faces":{"down":{"uv":[11.6875,7.875,11.9375,7.9375],"rotation":90,"texture":"#0","tintindex":0},"east":{"uv":[10.125,1.9375,9.75,1.6875],"rotation":90,"texture":"#0","tintindex":0},"north":{"uv":[11.4375,5.8125,11.8125,5.875],"rotation":270,"texture":"#0","tintindex":0},"south":{"uv":[11.4375,5.875,11.8125,5.9375],"rotation":90,"texture":"#0","tintindex":0},"up":{"uv":[11.6875,8.1875,11.9375,8.25],"rotation":90,"texture":"#0","tintindex":0},"west":{"uv":[10.125,4.75,9.75,5.0],"rotation":90,"texture":"#0","tintindex":0}}},{"name":"cube","from":[4.1521716,11.326278,7.8430133],"to":[4.951852,12.919561,10.941294],"rotation":{"angle":0.0,"axis":"x","origin":[5.1917562,15.280441,9.392153]},"faces":{"down":{"uv":[11.5625,3.4375,11.875,3.5],"rotation":90,"texture":"#0","tintindex":0},"east":{"uv":[1.3125,10.8125,1.125,10.5],"rotation":90,"texture":"#0","tintindex":0},"north":{"uv":[11.8125,9.1875,12.0,9.25],"rotation":270,"texture":"#0","tintindex":0},"south":{"uv":[9.25,11.8125,9.4375,11.875],"rotation":90,"texture":"#0","tintindex":0},"up":{"uv":[11.5625,3.5,11.875,3.5625],"rotation":90,"texture":"#0","tintindex":0},"west":{"uv":[1.5,10.5,1.3125,10.8125],"rotation":90,"texture":"#0","tintindex":0}}},{"name":"cube","from":[4.951852,13.725317,5.3435335],"to":[9.5631275,16.718044,6.2436533],"rotation":{"angle":0.0,"axis":"x","origin":[7.2574897,15.221678,9.392153]},"faces":{"down":{"uv":[8.4375,10.3125,8.5625,10.8125],"rotation":90,"texture":"#0","tintindex":0},"east":{"uv":[11.3125,0.125,11.0,0.0],"rotation":90,"texture":"#0","tintindex":0},"north":{"uv":[5.3125,8.0625,5.625,8.5625],"rotation":270,"texture":"#0","tintindex":0},"south":{"uv":[5.625,8.0625,5.9375,8.5625],"rotation":90,"texture":"#0","tintindex":0},"up":{"uv":[8.875,10.3125,9.0,10.8125],"rotation":90,"texture":"#0","tintindex":0},"west":{"uv":[11.3125,0.125,11.0,0.25],"rotation":90,"texture":"#0","tintindex":0}}},{"name":"cube","from":[6.1171155,5.5914354,6.1851163],"to":[7.2232327,6.9560103,10.489954],"rotation":{"angle":0.0,"axis":"x","origin":[20.15438,-27.156422,6.942893]},"faces":{"down":{"uv":[0.8125,10.5625,0.6875,11.0],"rotation":0,"texture":"#0","tintindex":0},"east":{"uv":[10.125,10.5,10.5625,10.625],"rotation":0,"texture":"#0","tintindex":0},"north":{"uv":[11.75,0.8125,11.875,0.9375],"rotation":0,"texture":"#0","tintindex":0},"south":{"uv":[11.75,0.9375,11.875,1.0625],"rotation":0,"texture":"#0","tintindex":0},"up":{"uv":[0.6875,11.0,0.5625,10.5625],"rotation":0,"texture":"#0","tintindex":0},"west":{"uv":[10.5,10.25,10.9375,10.375],"rotation":0,"texture":"#0","tintindex":0}}},{"name":"cube","from":[6.516955,4.4718847,6.1851163],"to":[7.2232327,5.6365385,8.8905945],"rotation":{"angle":0.0,"axis":"x","origin":[20.15438,-27.156422,6.942893]},"faces":{"down":{"uv":[11.5625,11.5625,11.5,11.875],"rotation":0,"texture":"#0","tintindex":0},"east":{"uv":[11.0,0.25,11.3125,0.375],"rotation":0,"texture":"#0","tintindex":0},"north":{"uv":[2.4375,11.875,2.5,12.0],"rotation":0,"texture":"#0","tintindex":0},"south":{"uv":[11.875,2.4375,11.9375,2.5625],"rotation":0,"texture":"#0","tintindex":0},"up":{"uv":[11.5,11.875,11.4375,11.5625],"rotation":0,"texture":"#0","tintindex":0},"west":{"uv":[0.5625,11.0,0.875,11.125],"rotation":0,"texture":"#0","tintindex":0}}},{"name":"cube","from":[6.1171155,3.1923964,6.1851163],"to":[7.2232327,4.556969,10.489954],"rotation":{"angle":0.0,"axis":"x","origin":[20.15438,-27.156422,6.942893]},"faces":{"down":{"uv":[2.0625,10.5625,1.9375,11.0],"rotation":0,"texture":"#0","tintindex":0},"east":{"uv":[10.5,10.375,10.9375,10.5],"rotation":0,"texture":"#0","tintindex":0},"north":{"uv":[11.75,1.0625,11.875,1.1875],"rotation":0,"texture":"#0","tintindex":0},"south":{"uv":[11.75,1.1875,11.875,1.3125],"rotation":0,"texture":"#0","tintindex":0},"up":{"uv":[0.9375,11.0,0.8125,10.5625],"rotation":0,"texture":"#0","tintindex":0},"west":{"uv":[1.5,10.5625,1.9375,10.6875],"rotation":0,"texture":"#0","tintindex":0}}},{"name":"cube","from":[7.019794,2.3927152,5.385436],"to":[11.621472,8.55537,6.4915543],"rotation":{"angle":0.0,"axis":"x","origin":[20.15438,-27.156422,6.942893]},"faces":{"down":{"uv":[10.8125,8.375,10.3125,8.5],"rotation":0,"texture":"#0","tintindex":0},"east":{"uv":[3.0625,9.9375,3.1875,10.5625],"rotation":0,"texture":"#0","tintindex":0},"north":{"uv":[3.6875,4.75,4.1875,5.375],"rotation":0,"texture":"#0","tintindex":0},"south":{"uv":[0.75,4.9375,1.25,5.5625],"rotation":0,"texture":"#0","tintindex":0},"up":{"uv":[10.8125,8.375,10.3125,8.25],"rotation":0,"texture":"#0","tintindex":0},"west":{"uv":[3.875,9.9375,4.0,10.5625],"rotation":0,"texture":"#0","tintindex":0}}},{"name":"cube","from":[8.619154,2.3927152,4.3858366],"to":[10.821793,8.55537,5.411986],"rotation":{"angle":0.0,"axis":"x","origin":[20.15438,-27.156422,6.942893]},"faces":{"down":{"uv":[11.5,7.9375,11.25,8.0625],"rotation":0,"texture":"#0","tintindex":0},"east":{"uv":[4.0,9.9375,4.125,10.5625],"rotation":0,"texture":"#0","tintindex":0},"north":{"uv":[7.0,8.0625,7.25,8.6875],"rotation":0,