{"textures":{"0":"modelengine:entity/lord_demon"},"elements":[{"name":"cube","from":[3.7776892,20.316673,6.0327873],"to":[5.3930435,22.40384,7.40024],"rotation":{"angle":0.0,"axis":"x","origin":[8.0,-7.8880415,8.0]},"faces":{"down":{"uv":[4.8125,11.5,4.625,11.625],"rotation":0,"texture":"#0","tintindex":0},"east":{"uv":[3.875,11.5,4.0,11.6875],"rotation":0,"texture":"#0","tintindex":0},"north":{"uv":[2.0625,11.1875,2.25,11.375],"rotation":0,"texture":"#0","tintindex":0},"south":{"uv":[11.1875,2.1875,11.375,2.375],"rotation":0,"texture":"#0","tintindex":0},"up":{"uv":[4.625,11.625,4.4375,11.5],"rotation":0,"texture":"#0","tintindex":0},"west":{"uv":[4.25,11.5,4.375,11.6875],"rotation":0,"texture":"#0","tintindex":0}}},{"name":"cube","from":[5.3770494,20.316673,6.0327873],"to":[7.192323,23.203522,7.40024],"rotation":{"angle":0.0,"axis":"x","origin":[8.0,-7.8880415,8.0]},"faces":{"down":{"uv":[11.6875,3.75,11.5,3.875],"rotation":0,"texture":"#0","tintindex":0},"east":{"uv":[1.6875,11.0,1.8125,11.3125],"rotation":0,"texture":"#0","tintindex":0},"north":{"uv":[5.5,10.5,5.6875,10.8125],"rotation":0,"texture":"#0","tintindex":0},"south":{"uv":[6.6875,10.5,6.875,10.8125],"rotation":0,"texture":"#0","tintindex":0},"up":{"uv":[3.875,11.625,3.6875,11.5],"rotation":0,"texture":"#0","tintindex":0},"west":{"uv":[1.8125,11.0,1.9375,11.3125],"rotation":0,"texture":"#0","tintindex":0}}},{"name":"cube","from":[7.8960414,20.316673,6.0327873],"to":[9.711315,23.203522,7.40024],"rotation":{"angle":0.0,"axis":"x","origin":[7.0883646,-7.8880415,8.0]},"faces":{"down":{"uv":[11.6875,2.1875,11.5,2.3125],"rotation":0,"texture":"#0","tintindex":0},"east":{"uv":[9.0625,10.9375,9.1875,11.25],"rotation":0,"texture":"#0","tintindex":0},"north":{"uv":[2.4375,10.5,2.625,10.8125],"rotation":0,"texture":"#0","tintindex":0},"south":{"uv":[5.3125,10.5,5.5,10.8125],"rotation":0,"texture":"#0","tintindex":0},"up":{"uv":[11.625,8.5625,11.4375,8.4375],"rotation":0,"texture":"#0","tintindex":0},"west":{"uv":[10.0,10.9375,10.125,11.25],"rotation":0,"texture":"#0","tintindex":0}}},{"name":"cube","from":[9.695322,20.316673,6.0327873],"to":[11.310676,22.40384,7.40024],"rotation":{"angle":0.0,"axis":"x","origin":[7.0883646,-7.8880415,8.0]},"faces":{"down":{"uv":[11.6875,3.25,11.5,3.375],"rotation":0,"texture":"#0","tintindex":0},"east":{"uv":[3.4375,11.5,3.5625,11.6875],"rotation":0,"texture":"#0","tintindex":0},"north":{"uv":[11.1875,1.125,11.375,1.3125],"rotation":0,"texture":"#0","tintindex":0},"south":{"uv":[11.1875,2.0,11.375,2.1875],"rotation":0,"texture":"#0","tintindex":0},"up":{"uv":[11.6875,3.125,11.5,3.0],"rotation":0,"texture":"#0","tintindex":0},"west":{"uv":[3.5625,11.5,3.6875,11.6875],"rotation":0,"texture":"#0","tintindex":0}}},{"name":"cube","from":[10.095161,27.513798,5.233107],"to":[12.710115,32.0,6.6005597],"rotation":{"angle":0.0,"axis":"x","origin":[7.0883646,-7.8880415,8.0]},"faces":{"down":{"uv":[11.5,8.8125,11.25,8.9375],"rotation":0,"texture":"#0","tintindex":0},"east":{"uv":[2.0625,10.5625,2.1875,11.0],"rotation":0,"texture":"#0","tintindex":0},"north":{"uv":[6.375,9.1875,6.625,9.625],"rotation":0,"texture":"#0","tintindex":0},"south":{"uv":[7.5,9.1875,7.75,9.625],"rotation":0,"texture":"#0","tintindex":0},"up":{"uv":[11.5,8.8125,11.25,8.6875],"rotation":0,"texture":"#0","tintindex":0},"west":{"uv":[2.1875,10.5625,2.3125,11.0],"rotation":0,"texture":"#0","tintindex":0}}},{"name":"cube","from":[8.495802,25.114754,5.233107],"to":[11.110755,29.600964,6.6005597],"rotation":{"angle":0.0,"axis":"x","origin":[7.0883646,-7.8880415,8.0]},"faces":{"down":{"uv":[11.5,9.0625,11.25,9.1875],"rotation":0,"texture":"#0","tintindex":0},"east":{"uv":[2.625,10.5625,2.75,11.0],"rotation":0,"texture":"#0","tintindex":0},"north":{"uv":[8.375,9.1875,8.625,9.625],"rotation":0,"texture":"#0","tintindex":0},"south":{"uv":[6.625,9.25,6.875,9.6875],"rotation":0,"texture":"#0","tintindex":0},"up":{"uv":[11.5,9.0625,11.25,8.9375],"rotation":0,"texture":"#0","tintindex":0},"west":{"uv":[2.75,10.5625,2.875,11.0],"rotation":0,"texture":"#0","tintindex":0}}},{"name":"cube","from":[2.3782494,27.513798,5.233107],"to":[4.993203,32.0,6.6005597],"rotation":{"angle":0.0,"axis":"x","origin":[8.0,-7.8880415,8.0]},"faces":{"down":{"uv":[11.5,9.3125,11.25,9.4375],"rotation":0,"texture":"#0","tintindex":0},"east":{"uv":[2.875,10.5625,3.0,11.0],"rotation":0,"texture":"#0","tintindex":0},"north":{"uv":[6.875,9.25,7.125,9.6875],"rotation":0,"texture":"#0","tintindex":0},"south":{"uv":[9.25,7.375,9.5,7.8125],"rotation":0,"texture":"#0","tintindex":0},"up":{"uv":[11.5,9.3125,11.25,9.1875],"rotation":0,"texture":"#0","tintindex":0},"west":{"uv":[3.0,10.5625,3.125,11.0],"rotation":0,"texture":"#0","tintindex":0}}},{"name":"cube","from":[3.9776096,25.114754,5.233107],"to":[6.592563,29.600964,6.6005597],"rotation":{"angle":0.0,"axis":"x","origin":[8.0,-7.8880415,8.0]},"faces":{"down":{"uv":[11.5,9.5625,11.25,9.6875],"rotation":0,"texture":"#0","tintindex":0},"east":{"uv":[10.5625,3.125,10.6875,3.5625],"rotation":0,"texture":"#0","tintindex":0},"north":{"uv":[9.25,9.0,9.5,9.4375],"rotation":0,"texture":"#0","tintindex":0},"south":{"uv":[0.75,9.3125,1.0,9.75],"rotation":0,"texture":"#0","tintindex":0},"up":{"uv":[11.5,9.5625,11.25,9.4375],"rotation":0,"texture":"#0","tintindex":0},"west":{"uv":[3.3125,10.5625,3.4375,11.0],"rotation":0,"texture":"#0","tintindex":0}}}],"display":{"head":{"translation":[0.0,52.654438,0.0],"rotation":[0.0,0.0,0.0],"scale":[3.8095,3.8095,3.8095]}}}