{"textures":{"0":"modelengine:entity/lord_demon"},"elements":[{"name":"cube","from":[4.0495806,4.654623,7.6961217],"to":[11.950419,7.9972854,8.303879],"rotation":{"angle":0.0,"axis":"x","origin":[7.240304,-13.730021,2.2263103]},"faces":{"down":{"uv":[11.3125,1.0625,10.5,1.125],"rotation":0,"texture":"#0","tintindex":0},"east":{"uv":[4.9375,11.375,5.0,11.75],"rotation":0,"texture":"#0","tintindex":0},"north":{"uv":[4.9375,3.4375,5.75,3.8125],"rotation":0,"texture":"#0","tintindex":0},"south":{"uv":[5.1875,0.0,6.0,0.375],"rotation":0,"texture":"#0","tintindex":0},"up":{"uv":[11.25,9.3125,10.4375,9.25],"rotation":0,"texture":"#0","tintindex":0},"west":{"uv":[5.375,11.375,5.4375,11.75],"rotation":0,"texture":"#0","tintindex":0}}}],"display":{"head":{"translation":[0.0,-6.4,0.0],"rotation":[0.0,0.0,0.0],"scale":[3.8095,3.8095,3.8095]}}}