{"textures":{"0":"modelengine:entity/lord_demon"},"elements":[{"name":"cube","from":[7.3922434,0.5522649,6.5565777],"to":[8.0,3.2871695,10.05118],"rotation":{"angle":0.0,"axis":"x","origin":[13.92563,-18.440136,4.581368]},"faces":{"down":{"uv":[5.6875,11.375,5.625,11.75],"rotation":0,"texture":"#0","tintindex":0},"east":{"uv":[8.9375,5.75,9.3125,6.0625],"rotation":0,"texture":"#0","tintindex":0},"north":{"uv":[2.8125,11.5625,2.875,11.875],"rotation":0,"texture":"#0","tintindex":0},"south":{"uv":[3.0625,11.5625,3.125,11.875],"rotation":0,"texture":"#0","tintindex":0},"up":{"uv":[5.625,11.75,5.5625,11.375],"rotation":0,"texture":"#0","tintindex":0},"west":{"uv":[6.9375,8.9375,7.3125,9.25],"rotation":0,"texture":"#0","tintindex":0}}},{"name":"cube","from":[7.3922434,3.2871695,5.341064],"to":[8.0,8.453104,10.05118],"rotation":{"angle":0.0,"axis":"x","origin":[13.92563,-18.440136,4.581368]},"faces":{"down":{"uv":[9.5625,11.1875,9.5,11.6875],"rotation":0,"texture":"#0","tintindex":0},"east":{"uv":[5.5625,4.375,6.0625,4.9375],"rotation":0,"texture":"#0","tintindex":0},"north":{"uv":[10.3125,11.0,10.375,11.5625],"rotation":0,"texture":"#0","tintindex":0},"south":{"uv":[10.375,11.0,10.4375,11.5625],"rotation":0,"texture":"#0","tintindex":0},"up":{"uv":[8.75,11.6875,8.6875,11.1875],"rotation":0,"texture":"#0","tintindex":0},"west":{"uv":[3.0625,5.625,3.5625,6.1875],"rotation":0,"texture":"#0","tintindex":0}}}],"display":{"head":{"translation":[0.0,-6.4,0.0],"rotation":[0.0,0.0,0.0],"scale":[3.8095,3.8095,3.8095]}}}