{"textures":{"0":"modelengine:entity/lord_demon"},"elements":[{"name":"cube","from":[6.3894444,5.5461354,4.4814982],"to":[9.610556,7.961969,9.635277],"rotation":{"angle":0.0,"axis":"x","origin":[11.543222,4.579802,5.769943]},"faces":{"down":{"uv":[2.5625,7.5625,2.25,8.125],"rotation":0,"texture":"#0","tintindex":0},"east":{"uv":[5.5625,1.5,6.125,1.75],"rotation":0,"texture":"#0","tintindex":0},"north":{"uv":[9.75,9.125,10.0625,9.375],"rotation":0,"texture":"#0","tintindex":0},"south":{"uv":[9.8125,1.9375,10.125,2.1875],"rotation":0,"texture":"#0","tintindex":0},"up":{"uv":[7.8125,7.8125,7.5,7.25],"rotation":0,"texture":"#0","tintindex":0},"west":{"uv":[8.0625,0.5,8.625,0.75],"rotation":0,"texture":"#0","tintindex":0}}},{"name":"cube","from":[6.3985605,7.387934,1.1476908],"to":[9.601439,8.193212,5.1740794],"rotation":{"angle":-22.5,"axis":"x","origin":[7.8389444,6.9047675,4.3688016]},"faces":{"down":{"uv":[8.875,0.0,8.5625,0.4375],"rotation":0,"texture":"#0","tintindex":0},"east":{"uv":[4.5,3.4375,4.9375,3.5],"rotation":0,"texture":"#0","tintindex":0},"north":{"uv":[2.375,3.75,2.6875,3.8125],"rotation":0,"texture":"#0","tintindex":0},"south":{"uv":[3.25,3.8125,3.5625,3.875],"rotation":0,"texture":"#0","tintindex":0},"up":{"uv":[7.0,8.875,6.6875,8.4375],"rotation":0,"texture":"#0","tintindex":0},"west":{"uv":[11.0,10.1875,11.4375,10.25],"rotation":0,"texture":"#0","tintindex":0}}},{"name":"cube","from":[6.2375054,7.065571,4.3373017],"to":[9.762495,9.320349,5.6257463],"rotation":{"angle":-45.0,"axis":"x","origin":[7.8389444,8.57144,5.5854826]},"faces":{"down":{"uv":[10.9375,3.8125,10.5625,3.9375],"rotation":0,"texture":"#0","tintindex":0},"east":{"uv":[6.3125,3.4375,6.4375,3.6875],"rotation":0,"texture":"#0","tintindex":0},"north":{"uv":[5.9375,2.9375,6.3125,3.1875],"rotation":0,"texture":"#0","tintindex":0},"south":{"uv":[9.4375,2.0,9.8125,2.25],"rotation":0,"texture":"#0","tintindex":0},"up":{"uv":[10.9375,3.6875,10.5625,3.5625],"rotation":0,"texture":"#0","tintindex":0},"west":{"uv":[7.6875,0.9375,7.8125,1.1875],"rotation":0,"texture":"#0","tintindex":0}}},{"name":"cube","from":[6.2375054,7.452104,5.6257463],"to":[9.762495,9.320349,7.236302],"rotation":{"angle":-45.0,"axis":"x","origin":[7.8389444,8.57144,5.5854826]},"faces":{"down":{"uv":[10.3125,8.375,9.9375,8.5625],"rotation":0,"texture":"#0","tintindex":0},"east":{"uv":[11.0,2.0625,11.1875,2.25],"rotation":0,"texture":"#0","tintindex":0},"north":{"uv":[9.9375,7.8125,10.3125,8.0],"rotation":0,"texture":"#0","tintindex":0},"south":{"uv":[9.9375,8.0,10.3125,8.1875],"rotation":0,"texture":"#0","tintindex":0},"up":{"uv":[10.3125,8.375,9.9375,8.1875],"rotation":0,"texture":"#0","tintindex":0},"west":{"uv":[2.25,11.0,2.4375,11.1875],"rotation":0,"texture":"#0","tintindex":0}}},{"name":"cube","from":[6.5505,5.5461354,2.387776],"to":[9.4495,7.478802,4.4814982],"rotation":{"angle":0.0,"axis":"x","origin":[8.322111,6.5929966,3.434637]},"faces":{"down":{"uv":[10.6875,2.75,10.375,2.9375],"rotation":0,"texture":"#0","tintindex":0},"east":{"uv":[5.25,3.0,5.4375,3.1875],"rotation":0,"texture":"#0","tintindex":0},"north":{"uv":[7.75,3.0625,8.0625,3.25],"rotation":0,"texture":"#0","tintindex":0},"south":{"uv":[10.3125,9.5625,10.625,9.75],"rotation":0,"texture":"#0","tintindex":0},"up":{"uv":[10.6875,1.5625,10.375,1.375],"rotation":0,"texture":"#0","tintindex":0},"west":{"uv":[7.375,5.4375,7.5625,5.625],"rotation":0,"texture":"#0","tintindex":0}}},{"name":"cube","from":[6.5505,5.5461354,1.1974084],"to":[9.4495,6.985736,3.1930537],"rotation":{"angle":0.0,"axis":"x","origin":[8.161056,6.5929966,3.434637]},"faces":{"down":{"uv":[10.6875,10.0625,10.375,10.25],"rotation":0,"texture":"#0","tintindex":0},"east":{"uv":[1.5625,6.125,1.75,6.25],"rotation":0,"texture":"#0","tintindex":0},"north":{"uv":[4.4375,8.125,4.75,8.25],"rotation":0,"texture":"#0","tintindex":0},"south":{"uv":[10.6875,10.125,11.0,10.25],"rotation":0,"texture":"#0","tintindex":0},"up":{"uv":[10.6875,10.0625,10.375,9.875],"rotation":0,"texture":"#0","tintindex":0},"west":{"uv":[8.375,3.9375,8.5625,4.0625],"rotation":0,"texture":"#0","tintindex":0}}},{"name":"cube","from":[6.228389,4.579802,4.4814982],"to":[9.771611,5.5461354,9.796331],"rotation":{"angle":0.0,"axis":"x","origin":[11.543222,4.579802,5.769943]},"faces":{"down":{"uv":[7.5,6.5,7.125,7.0625],"rotation":0,"texture":"#0","tintindex":0},"east":{"uv":[9.125,8.6875,9.6875,8.8125],"rotation":0,"texture":"#0","tintindex":0},"north":{"uv":[10.5625,1.5625,10.9375,1.6875],"rotation":0,"texture":"#0","tintindex":0},"south":{"uv":[10.5625,2.625,10.9375,2.75],"rotation":0,"texture":"#0","tintindex":0},"up":{"uv":[7.5,0.5625,7.125,0.0],"rotation":0,"texture":"#0","tintindex":0},"west":{"uv":[9.8125,6.625,10.375,6.75],"rotation":0,"texture":"#0","tintindex":0}}},{"name":"cube","from":[6.228389,5.5461354,7.7026095],"to":[9.771611,7.1566906,9.796331],"rotation":{"angle":0.0,"axis":"x","origin":[11.543222,4.579802,5.769943]},"faces":{"down":{"uv":[10.3125,7.625,9.9375,7.8125],"rotation":0,"texture":"#0","tintindex":0},"east":{"uv":[11.0,1.125,11.1875,1.3125],"rotation":0,"texture":"#0","tintindex":0},"north":{"uv":[9.9375,3.25,10.3125,3.4375],"rotation":0,"texture":"#0","tintindex":0},"south":{"uv":[9.9375,3.4375,10.3125,3.625],"rotation":0,"texture":"#0","tintindex":0},"up":{"uv":[10.3125,3.8125,9.9375,3.625],"rotation":0,"texture":"#0","tintindex":0},"west":{"uv":[2.0625,11.0,2.25,11.1875],"rotation":0,"texture":"#0","tintindex":0}}},{"name":"cube","from":[6.3894444,4.579802,1.0363529],"to":[9.610556,5.5461354,4.4814982],"rotation":{"angle":0.0,"axis":"x","origin":[11.382167,4.579802,5.769943]},"faces":{"down":{"uv":[8.0625,8.75,7.75,9.125],"rotation":0,"texture":"#0","tintindex":0},"east":{"uv":[8.1875,0.375,8.5625,0.5],"rotation":0,"texture":"#0","tintindex":0},"north":{"uv":[6.6875,0.5625,7.0,0.6875],"rotation":0,"texture":"#0","tintindex":0},"south":{"uv":[3.5625,8.125,3.875,8.25],"rotation":0,"texture":"#0","tintindex":0},"up":{"uv":[6.25,9.125,5.9375,8.75],"rotation":0,"texture":"#0","tintindex":0},"west":{"uv":[9.3125,5.9375,9.6875,6.0625],"rotation":0,"texture":"#0","tintindex":0}}}],"display":{"head":{"translation":[0.0,-6.4,0.0],"rotation":[0.0,0.0,0.0],"scale":[3.8095,3.8095,3.8095]}}}