{"textures":{"0":"modelengine:entity/lord_demon"},"elements":[{"name":"cube","from":[6.176729,-1.8787622,6.0247903],"to":[9.823271,7.3895288,10.12715],"rotation":{"angle":0.0,"axis":"x","origin":[11.190723,-16.312988,5.5689726]},"faces":{"down":{"uv":[3.25,7.625,2.875,8.0625],"rotation":0,"texture":"#0","tintindex":0},"east":{"uv":[3.8125,1.375,4.25,2.3125],"rotation":0,"texture":"#0","tintindex":0},"north":{"uv":[1.5,4.3125,1.875,5.25],"rotation":0,"texture":"#0","tintindex":0},"south":{"uv":[1.875,4.3125,2.25,5.25],"rotation":0,"texture":"#0","tintindex":0},"up":{"uv":[5.125,1.375,4.75,0.9375],"rotation":0,"texture":"#0","tintindex":0},"west":{"uv":[2.375,3.8125,2.8125,4.75],"rotation":0,"texture":"#0","tintindex":0}}},{"name":"cube","from":[5.5689726,-0.055491924,5.8728514],"to":[6.176729,1.7677785,10.12715],"rotation":{"angle":0.0,"axis":"x","origin":[11.190723,-16.312988,5.5689726]},"faces":{"down":{"uv":[9.625,11.3125,9.5625,11.75],"rotation":0,"texture":"#0","tintindex":0},"east":{"uv":[9.6875,0.4375,10.125,0.625],"rotation":0,"texture":"#0","tintindex":0},"north":{"uv":[6.6875,10.3125,6.75,10.5],"rotation":0,"texture":"#0","tintindex":0},"south":{"uv":[7.375,10.3125,7.4375,10.5],"rotation":0,"texture":"#0","tintindex":0},"up":{"uv":[7.875,11.75,7.8125,11.3125],"rotation":0,"texture":"#0","tintindex":0},"west":{"uv":[9.75,5.0,10.1875,5.1875],"rotation":0,"texture":"#0","tintindex":0}}},{"name":"cube","from":[5.5689726,1.7677785,5.417033],"to":[6.176729,7.3895288,10.12715],"rotation":{"angle":0.0,"axis":"x","origin":[11.190723,-16.312988,5.5689726]},"faces":{"down":{"uv":[6.0625,11.0625,6.0,11.5625],"rotation":0,"texture":"#0","tintindex":0},"east":{"uv":[3.625,5.375,4.125,5.9375],"rotation":0,"texture":"#0","tintindex":0},"north":{"uv":[2.4375,11.0,2.5,11.5625],"rotation":0,"texture":"#0","tintindex":0},"south":{"uv":[2.5,11.0,2.5625,11.5625],"rotation":0,"texture":"#0","tintindex":0},"up":{"uv":[1.6875,11.5625,1.625,11.0625],"rotation":0,"texture":"#0","tintindex":0},"west":{"uv":[0.0,5.4375,0.5,6.0],"rotation":0,"texture":"#0","tintindex":0}}},{"name":"cube","from":[5.5689726,-1.8787622,5.8728514],"to":[6.176729,-0.055491924,8.911635],"rotation":{"angle":0.0,"axis":"x","origin":[11.190723,-16.312988,5.5689726]},"faces":{"down":{"uv":[6.9375,11.5,6.875,11.8125],"rotation":0,"texture":"#0","tintindex":0},"east":{"uv":[10.4375,0.0,10.75,0.1875],"rotation":0,"texture":"#0","tintindex":0},"north":{"uv":[9.0,10.3125,9.0625,10.5],"rotation":0,"texture":"#0","tintindex":0},"south":{"uv":[3.3125,10.375,3.375,10.5625],"rotation":0,"texture":"#0","tintindex":0},"up":{"uv":[6.875,11.8125,6.8125,11.5],"rotation":0,"texture":"#0","tintindex":0},"west":{"uv":[10.4375,0.1875,10.75,0.375],"rotation":0,"texture":"#0","tintindex":0}}},{"name":"cube","from":[9.823271,-1.8787622,5.8728514],"to":[10.431027,1.7677785,8.303879],"rotation":{"angle":0.0,"axis":"x","origin":[11.190723,-16.312988,5.5689726]},"faces":{"down":{"uv":[11.3125,10.75,11.25,11.0],"rotation":0,"texture":"#0","tintindex":0},"east":{"uv":[6.4375,0.0,6.6875,0.375],"rotation":0,"texture":"#0","tintindex":0},"north":{"uv":[8.625,9.1875,8.6875,9.5625],"rotation":0,"texture":"#0","tintindex":0},"south":{"uv":[8.875,9.5625,8.9375,9.9375],"rotation":0,"texture":"#0","tintindex":0},"up":{"uv":[7.0625,10.4375,7.0,10.1875],"rotation":0,"texture":"#0","tintindex":0},"west":{"uv":[9.5,9.0,9.75,9.375],"rotation":0,"texture":"#0","tintindex":0}}},{"name":"cube","from":[9.823271,1.7677785,5.417033],"to":[10.431027,7.3895288,10.12715],"rotation":{"angle":0.0,"axis":"x","origin":[11.190723,-16.312988,5.5689726]},"faces":{"down":{"uv":[1.625,11.0625,1.5625,11.5625],"rotation":0,"texture":"#0","tintindex":0},"east":{"uv":[5.3125,0.375,5.8125,0.9375],"rotation":0,"texture":"#0","tintindex":0},"north":{"uv":[3.625,4.8125,3.6875,5.375],"rotation":0,"texture":"#0","tintindex":0},"south":{"uv":[4.125,5.375,4.1875,5.9375],"rotation":0,"texture":"#0","tintindex":0},"up":{"uv":[5.9375,9.75,5.875,9.25],"rotation":0,"texture":"#0","tintindex":0},"west":{"uv":[2.1875,5.375,2.6875,5.9375],"rotation":0,"texture":"#0","tintindex":0}}},{"name":"cube","from":[6.176729,-0.055491924,5.417033],"to":[9.823271,7.3895288,6.0247903],"rotation":{"angle":0.0,"axis":"x","origin":[11.190723,-16.312988,5.5689726]},"faces":{"down":{"uv":[10.0,1.125,9.625,1.1875],"rotation":0,"texture":"#0","tintindex":0},"east":{"uv":[7.5,10.625,7.5625,11.375],"rotation":0,"texture":"#0","tintindex":0},"north":{"uv":[4.8125,5.1875,5.1875,5.9375],"rotation":0,"texture":"#0","tintindex":0},"south":{"uv":[2.6875,5.375,3.0625,6.125],"rotation":0,"texture":"#0","tintindex":0},"up":{"uv":[9.75,3.4375,9.375,3.375],"rotation":0,"texture":"#0","tintindex":0},"west":{"uv":[7.5625,10.625,7.625,11.375],"rotation":0,"texture":"#0","tintindex":0}}},{"name":"cube","from":[8.607757,1.7677785,4.8092766],"to":[9.823271,4.9585013,5.417033],"rotation":{"angle":0.0,"axis":"x","origin":[11.190723,-16.312988,5.5689726]},"faces":{"down":{"uv":[8.625,8.3125,8.5,8.375],"rotation":0,"texture":"#0","tintindex":0},"east":{"uv":[11.5,7.6875,11.5625,8.0],"rotation":0,"texture":"#0","tintindex":0},"north":{"uv":[7.25,10.8125,7.375,11.125],"rotation":0,"texture":"#0","tintindex":0},"south":{"uv":[8.4375,10.8125,8.5625,11.125],"rotation":0,"texture":"#0","tintindex":0},"up":{"uv":[8.1875,4.125,8.0625,4.0625],"rotation":0,"texture":"#0","tintindex":0},"west":{"uv":[11.5,8.5625,11.5625,8.875],"rotation":0,"texture":"#0","tintindex":0}}},{"name":"cube","from":[6.176729,4.9585013,4.8092766],"to":[9.823271,7.3895288,5.417033],"rotation":{"angle":0.0,"axis":"x","origin":[11.190723,-16.312988,5.5689726]},"faces":{"down":{"uv":[10.1875,6.75,9.8125,6.8125],"rotation":0,"texture":"#0","tintindex":0},"east":{"uv":[11.5625,10.8125,11.625,11.0625],"rotation":0,"texture":"#0","tintindex":0},"north":{"uv":[9.5625,7.6875,9.9375,7.9375],"rotation":0,"texture":"#0","tintindex":0},"south":{"uv":[9.5625,7.9375,9.9375,8.1875],"rotation":0,"texture":"#0","tintindex":0},"up":{"uv":[10.1875,4.75,9.8125,4.6875],"rotation":0,"texture":"#0","tintindex":0},"west":{"uv":[0.4375,11.625,0.5,11.875],"rotation":0,"texture":"#0","tintindex":0}}},{"name":"cube","from":[6.176729,1.7677785,4.8092766],"to":[7.3922434,4.9585013,5.417033],"rotation":{"angle":0.0,"axis":"x","origin":[11.190723,-16.312988,5.5689726]},"faces":{"down":{"uv":[6.25,9.125,6.125,9.1875],"rotation":0,"texture":"#0","tintindex":0},"east":{"uv":[11.5,8.875,11.5625,9.1875],"rotation":0,"texture":"#0","tintindex":0},"north":{"uv":[8.875,10.8125,9.0,11.125],"rotation":0,"texture":"#0","tintindex":0},"south":{"uv":[10.8125,10.75,10.9375,11.0625],"rotation":0,"texture":"#0","tintindex":0},"up":{"uv":[7.875,8.75,7.75,8.6875],"rotation":0,"texture":"#0","tintindex":0},"west":{"uv":[11.5,9.1875,11.5625,9.5],"rotation":0,"texture":"#0","tintindex":0}}}],"display":{"head":{"translation":[0.0,-6.4,0.0],"rotation":[0.0,0.0,0.0],"scale":[3.8095,3.8095,3.8095]}}}