{"textures":{"0":"modelengine:entity/lord_demon"},"elements":[{"name":"cube","from":[7.4962015,8.717796,6.8111424],"to":[8.103958,13.539867,11.521258],"rotation":{"angle":0.0,"axis":"x","origin":[14.517392,-12.561689,6.9630814]},"faces":{"down":{"uv":[11.375,2.75,11.3125,3.25],"rotation":0,"texture":"#0","tintindex":0},"east":{"uv":[6.5625,1.1875,7.0625,1.6875],"rotation":0,"texture":"#0","tintindex":0},"north":{"uv":[1.75,11.3125,1.8125,11.8125],"rotation":0,"texture":"#0","tintindex":0},"south":{"uv":[1.8125,11.3125,1.875,11.8125],"rotation":0,"texture":"#0","tintindex":0},"up":{"uv":[1.9375,11.8125,1.875,11.3125],"rotation":0,"texture":"#0","tintindex":0},"west":{"uv":[6.5625,1.6875,7.0625,2.1875],"rotation":0,"texture":"#0","tintindex":0}}},{"name":"cube","from":[7.4962015,3.9197164,6.8111424],"to":[8.103958,8.741788,9.921898],"rotation":{"angle":0.0,"axis":"x","origin":[14.517392,-12.561689,6.9630814]},"faces":{"down":{"uv":[0.4375,11.625,0.375,11.9375],"rotation":0,"texture":"#0","tintindex":0},"east":{"uv":[0.875,8.125,1.1875,8.625],"rotation":0,"texture":"#0","tintindex":0},"north":{"uv":[11.3125,4.3125,11.375,4.8125],"rotation":0,"texture":"#0","tintindex":0},"south":{"uv":[5.0,11.3125,5.0625,11.8125],"rotation":0,"texture":"#0","tintindex":0},"up":{"uv":[0.375,11.9375,0.3125,11.625],"rotation":0,"texture":"#0","tintindex":0},"west":{"uv":[1.1875,8.125,1.5,8.625],"rotation":0,"texture":"#0","tintindex":0}}},{"name":"cube","from":[7.6961217,3.1200366,5.6116223],"to":[9.103559,9.541467,6.9230976],"rotation":{"angle":0.0,"axis":"x","origin":[14.517392,-12.561689,6.9630814]},"faces":{"down":{"uv":[11.875,4.625,11.75,4.75],"rotation":0,"texture":"#0","tintindex":0},"east":{"uv":[1.6875,9.875,1.8125,10.5625],"rotation":0,"texture":"#0","tintindex":0},"north":{"uv":[0.4375,9.8125,0.5625,10.5],"rotation":0,"texture":"#0","tintindex":0},"south":{"uv":[1.8125,9.875,1.9375,10.5625],"rotation":0,"texture":"#0","tintindex":0},"up":{"uv":[11.875,4.5625,11.75,4.4375],"rotation":0,"texture":"#0","tintindex":0},"west":{"uv":[1.9375,9.875,2.0625,10.5625],"rotation":0,"texture":"#0","tintindex":0}}}],"display":{"head":{"translation":[0.0,-6.4,0.0],"rotation":[0.0,0.0,0.0],"scale":[3.8095,3.8095,3.8095]}}}