{"textures":{"0":"modelengine:entity/lord_demon"},"elements":[{"name":"cube","from":[7.3922434,9.136828,19.249897],"to":[8.607757,9.896525,21.073168],"rotation":{"angle":0.0,"axis":"x","origin":[-2.480401,-11.5324955,14.025133]},"faces":{"down":{"uv":[11.5625,3.9375,11.4375,4.125],"rotation":0,"texture":"#0","tintindex":0},"east":{"uv":[11.8125,7.125,12.0,7.1875],"rotation":0,"texture":"#0","tintindex":0},"north":{"uv":[10.9375,1.625,11.0625,1.6875],"rotation":0,"texture":"#0","tintindex":0},"south":{"uv":[10.9375,6.4375,11.0625,6.5],"rotation":0,"texture":"#0","tintindex":0},"up":{"uv":[3.3125,11.625,3.1875,11.4375],"rotation":0,"texture":"#0","tintindex":0},"west":{"uv":[11.8125,7.4375,12.0,7.5],"rotation":0,"texture":"#0","tintindex":0}}},{"name":"cube","from":[7.3922434,6.705801,20.465412],"to":[8.607757,9.288769,21.680923],"rotation":{"angle":0.0,"axis":"x","origin":[-2.480401,-11.5324955,14.025133]},"faces":{"down":{"uv":[11.8125,9.875,11.6875,10.0],"rotation":0,"texture":"#0","tintindex":0},"east":{"uv":[11.25,6.625,11.375,6.875],"rotation":0,"texture":"#0","tintindex":0},"north":{"uv":[6.5625,11.25,6.6875,11.5],"rotation":0,"texture":"#0","tintindex":0},"south":{"uv":[6.6875,11.25,6.8125,11.5],"rotation":0,"texture":"#0","tintindex":0},"up":{"uv":[11.8125,9.375,11.6875,9.25],"rotation":0,"texture":"#0","tintindex":0},"west":{"uv":[6.8125,11.25,6.9375,11.5],"rotation":0,"texture":"#0","tintindex":0}}},{"name":"cube","from":[7.3922434,6.0980444,19.249897],"to":[8.607757,6.8577414,21.073168],"rotation":{"angle":0.0,"axis":"x","origin":[-2.480401,-11.5324955,14.025133]},"faces":{"down":{"uv":[11.5625,4.125,11.4375,4.3125],"rotation":0,"texture":"#0","tintindex":0},"east":{"uv":[11.8125,7.5,12.0,7.5625],"rotation":0,"texture":"#0","tintindex":0},"north":{"uv":[10.9375,9.8125,11.0625,9.875],"rotation":0,"texture":"#0","tintindex":0},"south":{"uv":[11.0625,2.0,11.1875,2.0625],"rotation":0,"texture":"#0","tintindex":0},"up":{"uv":[4.25,11.625,4.125,11.4375],"rotation":0,"texture":"#0","tintindex":0},"west":{"uv":[11.8125,7.5625,12.0,7.625],"rotation":0,"texture":"#0","tintindex":0}}},{"name":"cube","from":[7.3922434,7.313558,13.780086],"to":[8.607757,8.681011,20.465412],"rotation":{"angle":0.0,"axis":"x","origin":[-2.480401,-11.5324955,14.025133]},"faces":{"down":{"uv":[2.625,6.25,2.5,6.9375],"rotation":0,"texture":"#0","tintindex":0},"east":{"uv":[9.1875,4.5,9.875,4.625],"rotation":0,"texture":"#0","tintindex":0},"north":{"uv":[11.6875,9.0,11.8125,9.125],"rotation":0,"texture":"#0","tintindex":0},"south":{"uv":[11.6875,9.125,11.8125,9.25],"rotation":0,"texture":"#0","tintindex":0},"up":{"uv":[6.25,2.0,6.125,1.3125],"rotation":0,"texture":"#0","tintindex":0},"west":{"uv":[9.3125,1.1875,10.0,1.3125],"rotation":0,"texture":"#0","tintindex":0}}},{"name":"cube","from":[7.240304,6.705801,13.172329],"to":[8.759696,9.288769,13.780086],"rotation":{"angle":0.0,"axis":"x","origin":[-2.480401,-11.5324955,14.025133]},"faces":{"down":{"uv":[12.0,7.625,11.8125,7.6875],"rotation":0,"texture":"#0","tintindex":0},"east":{"uv":[8.6875,11.6875,8.75,11.9375],"rotation":0,"texture":"#0","tintindex":0},"north":{"uv":[1.3125,10.8125,1.5,11.0625],"rotation":0,"texture":"#0","tintindex":0},"south":{"uv":[1.5,10.8125,1.6875,11.0625],"rotation":0,"texture":"#0","tintindex":0},"up":{"uv":[7.8125,11.875,7.625,11.8125],"rotation":0,"texture":"#0","tintindex":0},"west":{"uv":[9.5,11.6875,9.5625,11.9375],"rotation":0,"texture":"#0","tintindex":0}}},{"name":"cube","from":[7.240304,6.0980444,12.564571],"to":[8.759696,9.896525,13.172329],"rotation":{"angle":0.0,"axis":"x","origin":[-2.480401,-11.5324955,14.025133]},"faces":{"down":{"uv":[12.0,7.75,11.8125,7.8125],"rotation":0,"texture":"#0","tintindex":0},"east":{"uv":[5.875,11.4375,5.9375,11.8125],"rotation":0,"texture":"#0","tintindex":0},"north":{"uv":[0.5625,10.1875,0.75,10.5625],"rotation":0,"texture":"#0","tintindex":0},"south":{"uv":[0.75,10.1875,0.9375,10.5625],"rotation":0,"texture":"#0","tintindex":0},"up":{"uv":[12.0,7.75,11.8125,7.6875],"rotation":0,"texture":"#0","tintindex":0},"west":{"uv":[5.9375,11.4375,6.0,11.8125],"rotation":0,"texture":"#0","tintindex":0}}},{"name":"cube","from":[7.3922434,4.8825307,12.564571],"to":[8.607757,5.642227,13.780086],"rotation":{"angle":0.0,"axis":"x","origin":[-2.480401,-11.5324955,14.025133]},"faces":{"down":{"uv":[11.8125,10.75,11.6875,10.875],"rotation":0,"texture":"#0","tintindex":0},"east":{"uv":[11.875,1.375,12.0,1.4375],"rotation":0,"texture":"#0","tintindex":0},"north":{"uv":[11.875,1.3125,12.0,1.375],"rotation":0,"texture":"#0","tintindex":0},"south":{"uv":[11.875,1.4375,12.0,1.5],"rotation":0,"texture":"#0","tintindex":0},"up":{"uv":[11.8125,10.75,11.6875,10.625],"rotation":0,"texture":"#0","tintindex":0},"west":{"uv":[11.875,1.5,12.0,1.5625],"rotation":0,"texture":"#0","tintindex":0}}},{"name":"cube","from":[7.240304,4.8825307,11.956816],"to":[8.759696,11.112038,12.564571],"rotation":{"angle":0.0,"axis":"x","origin":[-2.480401,-11.5324955,14.025133]},"faces":{"down":{"uv":[12.0,8.0,11.8125,8.0625],"rotation":0,"texture":"#0","tintindex":0},"east":{"uv":[2.5625,10.8125,2.625,11.4375],"rotation":0,"texture":"#0","tintindex":0},"north":{"uv":[3.9375,8.9375,4.125,9.5625],"rotation":0,"texture":"#0","tintindex":0},"south":{"uv":[7.3125,8.9375,7.5,9.5625],"rotation":0,"texture":"#0","tintindex":0},"up":{"uv":[12.0,7.875,11.8125,7.8125],"rotation":0,"texture":"#0","tintindex":0},"west":{"uv":[10.25,10.875,10.3125,11.5],"rotation":0,"texture":"#0","tintindex":0}}},{"name":"cube","from":[7.3922434,10.352343,12.564571],"to":[8.607757,11.112038,13.780086],"rotation":{"angle":0.0,"axis":"x","origin":[-2.480401,-11.5324955,14.025133]},"faces":{"down":{"uv":[11.8125,10.375,11.6875,10.5],"rotation":0,"texture":"#0","tintindex":0},"east":{"uv":[11.25,1.9375,11.375,2.0],"rotation":0,"texture":"#0","tintindex":0},"north":{"uv":[11.125,7.6875,11.25,7.75],"rotation":0,"texture":"#0","tintindex":0},"south":{"uv":[11.8125,10.4375,11.9375,10.5],"rotation":0,"texture":"#0","tintindex":0},"up":{"uv":[11.8125,10.375,11.6875,10.25],"rotation":0,"texture":"#0","tintindex":0},"west":{"uv":[11.8125,11.0625,11.9375,11.125],"rotation":0,"texture":"#0","tintindex":0}}},{"name":"cube","from":[7.3922434,10.352343,10.741302],"to":[8.607757,11.112038,11.956816],"rotation":{"angle":0.0,"axis":"x","origin":[-2.480401,-11.5324955,14.025133]},"faces":{"down":{"uv":[11.8125,11.5625,11.6875,11.6875],"rotation":0,"texture":"#0","tintindex":0},"east":{"uv":[1.9375,11.875,2.0625,11.9375],"rotation":0,"texture":"#0","tintindex":0},"north":{"uv":[11.875,1.75,12.0,1.8125],"rotation":0,"texture":"#0","tintindex":0},"south":{"uv":[11.875,2.0625,12.0,2.125],"rotation":0,"texture":"#0","tintindex":0},"up":{"uv":[11.8125,11.5625,11.6875,11.4375],"rotation":0,"texture":"#0","tintindex":0},"west":{"uv":[11.875,2.125,12.0,2.1875],"rotation":0,"texture":"#0","tintindex":0}}},{"name":"cube","from":[7.3922434,4.8825307,10.741302],"to":[8.607757,5.642227,11.956816],"rotation":{"angle":0.0,"axis":"x","origin":[-2.480401,-11.5324955,14.025133]},"faces":{"down":{"uv":[11.8125,11.3125,11.6875,11.4375],"rotation":0,"texture":"#0","tintindex":0},"east":{"uv":[11.875,1.5625,12.0,1.625],"rotation":0,"texture":"#0","tintindex":0},"north":{"uv":[1.5625,11.875,1.6875,11.9375],"rotation":0,"texture":"#0","tintindex":0},"south":{"uv":[1.6875,11.875,1.8125,11.9375],"rotation":0,"texture":"#0","tintindex":0},"up":{"uv":[11.8125,11.3125,11.6875,11.1875],"rotation":0,"texture":"#0","tintindex":0},"west":{"uv":[11.875,1.6875,12.0,1.75],"rotation":0,"texture":"#0","tintindex":0}}},{"name":"cube","from":[7.6961217,6.2499843,-1.4138355],"to":[8.303879,9.744585,11.956816],"rotation":{"angle":0.0,"axis":"x","origin":[8.0,7.9972844,5.27149]},"faces":{"down":{"uv":[8.875,9.5625,8.8125,10.9375],"rotation":0,"texture":"#0","tintindex":0},"east":{"uv":[3.5625,3.5,4.9375,3.875],"rotation":0,"texture":"#0","tintindex":0},