{"textures":{"0":"modelengine:entity/orc_bruthish"},"elements":[{"name":"rightarm","from":[7.97,7.775,6.845],"to":[12.14,11.494998,11.42],"rotation":{"angle":0.0,"axis":"x","origin":[2.1499996,-13.3150015,8.0]},"faces":{"down":{"uv":[9.9995,5.2495,11.2485,10.248],"rotation":0,"texture":"#0","tintindex":0},"east":{"uv":[5.2495,1.49975,10.248,13.7485],"rotation":0,"texture":"#0","tintindex":0},"north":{"uv":[5.25,6.75,10.25,0.25],"rotation":0,"texture":"#0","tintindex":0},"south":{"uv":[7.2495,3.74975,8.99775,12.495],"rotation":0,"texture":"#0","tintindex":0},"up":{"uv":[10.24975,4.25,10.99825,6.9985],"rotation":0,"texture":"#0","tintindex":0},"west":{"uv":[5.4995,0.7495,9.4995,15.996],"rotation":0,"texture":"#0","tintindex":0}}},{"name":"rightarm","from":[8.585,3.5749986,7.7],"to":[11.675,7.7899985,10.565001],"rotation":{"angle":0.0,"axis":"x","origin":[2.1499996,-13.3150015,8.0]},"faces":{"down":{"uv":[9.9995,5.2495,11.2485,10.248],"rotation":0,"texture":"#0","tintindex":0},"east":{"uv":[5.2495,1.49975,10.248,13.7485],"rotation":0,"texture":"#0","tintindex":0},"north":{"uv":[6.0,0.0,8.5,6.25],"rotation":0,"texture":"#0","tintindex":0},"south":{"uv":[7.2495,3.74975,8.99775,12.495],"rotation":0,"texture":"#0","tintindex":0},"up":{"uv":[10.24975,4.25,10.99825,6.9985],"rotation":0,"texture":"#0","tintindex":0},"west":{"uv":[5.4995,0.7495,9.4995,15.996],"rotation":0,"texture":"#0","tintindex":0}}},{"name":"rightarm","from":[9.139999,-0.62500143,7.955],"to":[11.57,3.5899985,10.190001],"rotation":{"angle":0.0,"axis":"x","origin":[2.1499996,-13.3150015,8.0]},"faces":{"down":{"uv":[9.9995,5.2495,11.2485,10.248],"rotation":0,"texture":"#0","tintindex":0},"east":{"uv":[5.2495,1.49975,10.248,13.7485],"rotation":0,"texture":"#0","tintindex":0},"north":{"uv":[9.25,4.25,11.75,8.75],"rotation":0,"texture":"#0","tintindex":0},"south":{"uv":[7.2495,3.74975,8.99775,12.495],"rotation":0,"texture":"#0","tintindex":0},"up":{"uv":[10.24975,4.25,10.99825,6.9985],"rotation":0,"texture":"#0","tintindex":0},"west":{"uv":[5.4995,0.7495,9.4995,15.996],"rotation":0,"texture":"#0","tintindex":0}}}],"display":{"head":{"translation":[0.0,-6.4,0.0],"rotation":[0.0,0.0,0.0],"scale":[3.8095,3.8095,3.8095]}}}