{"textures":{"0":"modelengine:entity/lord_demon"},"elements":[{"name":"cube","from":[7.4358225,5.4650497,10.594744],"to":[8.5641775,10.395173,12.202537],"rotation":{"angle":-22.5,"axis":"y","origin":[8.0,7.9301133,11.398641]},"faces":{"down":{"uv":[11.5625,10.875,11.4375,11.0625],"rotation":0,"texture":"#0","tintindex":0},"east":{"uv":[9.0625,9.625,9.25,10.125],"rotation":0,"texture":"#0","tintindex":0},"north":{"uv":[7.875,10.25,8.0,10.75],"rotation":0,"texture":"#0","tintindex":0},"south":{"uv":[2.3125,10.3125,2.4375,10.8125],"rotation":0,"texture":"#0","tintindex":0},"up":{"uv":[11.5625,10.875,11.4375,10.6875],"rotation":0,"texture":"#0","tintindex":0},"west":{"uv":[6.875,9.6875,7.0625,10.1875],"rotation":0,"texture":"#0","tintindex":0}}},{"name":"cube","from":[7.8356624,5.4650497,8.795464],"to":[8.964017,11.994533,10.603176],"rotation":{"angle":0.0,"axis":"x","origin":[-5.618001,-15.241467,7.15209]},"faces":{"down":{"uv":[10.75,11.4375,10.625,11.625],"rotation":0,"texture":"#0","tintindex":0},"east":{"uv":[1.3125,8.625,1.5,9.3125],"rotation":0,"texture":"#0","tintindex":0},"north":{"uv":[3.75,9.625,3.875,10.3125],"rotation":0,"texture":"#0","tintindex":0},"south":{"uv":[8.5,9.625,8.625,10.3125],"rotation":0,"texture":"#0","tintindex":0},"up":{"uv":[11.5625,10.6875,11.4375,10.5],"rotation":0,"texture":"#0","tintindex":0},"west":{"uv":[3.5625,8.625,3.75,9.3125],"rotation":0,"texture":"#0","tintindex":0}}},{"name":"cube","from":[7.4358225,5.4650497,7.196104],"to":[8.5641775,10.395173,8.803896],"rotation":{"angle":22.5,"axis":"y","origin":[8.0,7.9301133,8.0]},"faces":{"down":{"uv":[11.5625,11.375,11.4375,11.5625],"rotation":0,"texture":"#0","tintindex":0},"east":{"uv":[0.0,9.75,0.1875,10.25],"rotation":0,"texture":"#0","tintindex":0},"north":{"uv":[5.1875,10.3125,5.3125,10.8125],"rotation":0,"texture":"#0","tintindex":0},"south":{"uv":[6.5625,10.3125,6.6875,10.8125],"rotation":0,"texture":"#0","tintindex":0},"up":{"uv":[11.5625,11.375,11.4375,11.1875],"rotation":0,"texture":"#0","tintindex":0},"west":{"uv":[9.75,3.25,9.9375,3.75],"rotation":0,"texture":"#0","tintindex":0}}}],"display":{"head":{"translation":[0.0,-6.4,0.0],"rotation":[0.0,0.0,0.0],"scale":[3.8095,3.8095,3.8095]}}}