{"textures":{"0":"modelengine:entity/lord_demon"},"elements":[{"name":"cube","from":[6.4590006,0.39318275,6.351774],"to":[9.581412,8.051892,9.474186],"rotation":{"angle":0.0,"axis":"x","origin":[-2.4152212,-20.871498,5.36575]},"faces":{"down":{"uv":[3.875,9.3125,3.5625,9.625],"rotation":0,"texture":"#0","tintindex":0},"east":{"uv":[0.625,6.3125,0.9375,7.125],"rotation":0,"texture":"#0","tintindex":0},"north":{"uv":[0.3125,6.3125,0.625,7.125],"rotation":0,"texture":"#0","tintindex":0},"south":{"uv":[0.9375,6.3125,1.25,7.125],"rotation":0,"texture":"#0","tintindex":0},"up":{"uv":[9.625,3.0625,9.3125,2.75],"rotation":0,"texture":"#0","tintindex":0},"west":{"uv":[6.3125,4.3125,6.625,5.125],"rotation":0,"texture":"#0","tintindex":0}}},{"name":"cube","from":[6.4590006,-1.972692,6.351774],"to":[7.6093626,-0.6579926,8.159486],"rotation":{"angle":0.0,"axis":"x","origin":[-2.4152212,-20.871498,5.36575]},"faces":{"down":{"uv":[10.5625,11.375,10.4375,11.5625],"rotation":0,"texture":"#0","tintindex":0},"east":{"uv":[9.25,11.375,9.4375,11.5],"rotation":0,"texture":"#0","tintindex":0},"north":{"uv":[11.625,10.5,11.75,10.625],"rotation":0,"texture":"#0","tintindex":0},"south":{"uv":[10.625,11.625,10.75,11.75],"rotation":0,"texture":"#0","tintindex":0},"up":{"uv":[9.0,11.5625,8.875,11.375],"rotation":0,"texture":"#0","tintindex":0},"west":{"uv":[11.375,9.875,11.5625,10.0],"rotation":0,"texture":"#0","tintindex":0}}},{"name":"cube","from":[8.266712,-2.630042,6.351774],"to":[9.417075,-0.6579926,9.474186],"rotation":{"angle":-45.0,"axis":"z","origin":[9.006231,-1.8083549,7.91298]},"faces":{"down":{"uv":[7.125,10.9375,7.0,11.25],"rotation":0,"texture":"#0","tintindex":0},"east":{"uv":[10.4375,8.875,10.75,9.0625],"rotation":0,"texture":"#0","tintindex":0},"north":{"uv":[8.1875,11.375,8.3125,11.5625],"rotation":0,"texture":"#0","tintindex":0},"south":{"uv":[8.4375,11.375,8.5625,11.5625],"rotation":0,"texture":"#0","tintindex":0},"up":{"uv":[6.4375,11.25,6.3125,10.9375],"rotation":0,"texture":"#0","tintindex":0},"west":{"uv":[10.4375,9.0625,10.75,9.25],"rotation":0,"texture":"#0","tintindex":0}}},{"name":"cube","from":[9.417075,-2.630042,6.6804495],"to":[9.910088,-6.427765E-4,9.145512],"rotation":{"angle":-45.0,"axis":"z","origin":[9.006231,-1.8083549,7.91298]},"faces":{"down":{"uv":[11.75,0.0,11.6875,0.25],"rotation":0,"texture":"#0","tintindex":0},"east":{"uv":[10.3125,4.625,10.5625,4.875],"rotation":0,"texture":"#0","tintindex":0},"north":{"uv":[11.625,10.625,11.6875,10.875],"rotation":0,"texture":"#0","tintindex":0},"south":{"uv":[11.625,11.1875,11.6875,11.4375],"rotation":0,"texture":"#0","tintindex":0},"up":{"uv":[11.6875,11.6875,11.625,11.4375],"rotation":0,"texture":"#0","tintindex":0},"west":{"uv":[4.9375,10.3125,5.1875,10.5625],"rotation":0,"texture":"#0","tintindex":0}}},{"name":"cube","from":[9.581412,-0.16498113,6.187437],"to":[10.238762,2.7930937,9.802861],"rotation":{"angle":0.0,"axis":"x","origin":[-2.4152212,-20.871498,5.36575]},"faces":{"down":{"uv":[8.1875,11.375,8.125,11.75],"rotation":0,"texture":"#0","tintindex":0},"east":{"uv":[1.8125,9.0,2.1875,9.3125],"rotation":0,"texture":"#0","tintindex":0},"north":{"uv":[11.5625,3.9375,11.625,4.25],"rotation":0,"texture":"#0","tintindex":0},"south":{"uv":[11.5625,4.25,11.625,4.5625],"rotation":0,"texture":"#0","tintindex":0},"up":{"uv":[8.125,11.75,8.0625,11.375],"rotation":0,"texture":"#0","tintindex":0},"west":{"uv":[2.1875,9.0,2.5625,9.3125],"rotation":0,"texture":"#0","tintindex":0}}},{"name":"cube","from":[6.4590006,-0.16498113,5.8587623],"to":[9.581412,2.7930937,6.351774],"rotation":{"angle":0.0,"axis":"x","origin":[-2.4152212,-20.871498,5.36575]},"faces":{"down":{"uv":[11.8125,7.4375,11.5,7.5],"rotation":0,"texture":"#0","tintindex":0},"east":{"uv":[5.75,11.5625,5.8125,11.875],"rotation":0,"texture":"#0","tintindex":0},"north":{"uv":[5.0625,9.3125,5.375,9.625],"rotation":0,"texture":"#0","tintindex":0},"south":{"uv":[5.375,9.3125,5.6875,9.625],"rotation":0,"texture":"#0","tintindex":0},"up":{"uv":[11.8125,7.4375,11.5,7.375],"rotation":0,"texture":"#0","tintindex":0},"west":{"uv":[5.8125,11.5625,5.875,11.875],"rotation":0,"texture":"#0","tintindex":0}}},{"name":"cube","from":[6.952013,2.7930937,5.8587623],"to":[9.0884,4.1077933,6.351774],"rotation":{"angle":0.0,"axis":"x","origin":[-2.4152212,-20.871498,5.36575]},"faces":{"down":{"uv":[11.875,6.875,11.625,6.9375],"rotation":0,"texture":"#0","tintindex":0},"east":{"uv":[11.875,0.4375,11.9375,0.5625],"rotation":0,"texture":"#0","tintindex":0},"north":{"uv":[11.25,1.8125,11.5,1.9375],"rotation":0,"texture":"#0","tintindex":0},"south":{"uv":[11.25,2.625,11.5,2.75],"rotation":0,"texture":"#0","tintindex":0},"up":{"uv":[11.875,5.4375,11.625,5.375],"rotation":0,"texture":"#0","tintindex":0},"west":{"uv":[0.5,11.875,0.5625,12.0],"rotation":0,"texture":"#0","tintindex":0}}},{"name":"cube","from":[7.7737007,-0.16498113,9.474186],"to":[9.581412,2.7930937,10.131536],"rotation":{"angle":0.0,"axis":"x","origin":[-2.4152212,-20.871498,5.36575]},"faces":{"down":{"uv":[1.875,11.8125,1.6875,11.875],"rotation":0,"texture":"#0","tintindex":0},"east":{"uv":[6.0,11.5625,6.0625,11.875],"rotation":0,"texture":"#0","tintindex":0},"north":{"uv":[0.3125,6.0,0.5,6.3125],"rotation":0,"texture":"#0","tintindex":0},"south":{"uv":[5.9375,8.0625,6.125,8.375],"rotation":0,"texture":"#0","tintindex":0},"up":{"uv":[12.0,1.6875,11.8125,1.625],"rotation":0,"texture":"#0","tintindex":0},"west":{"uv":[6.1875,11.5625,6.25,11.875],"rotation":0,"texture":"#0","tintindex":0}}},{"name":"cube","from":[6.952013,0.16369438,5.5300875],"to":[9.0884,2.1357427,5.8587623],"rotation":{"angle":0.0,"axis":"x","origin":[-2.4152212,-20.871498,5.36575]},"faces":{"down":{"uv":[11.875,9.4375,11.625,9.5],"rotation":0,"texture":"#0","tintindex":0},"east":{"uv":[0.0625,11.8125,0.125,12.0],"rotation":0,"texture":"#0","tintindex":0},"north":{"uv":[8.0625,0.75,8.3125,0.9375],"rotation":0,"texture":"#0","tintindex":0},"south":{"uv":[10.75,0.0,11.0,0.1875],"rotation":0,"texture":"#0","tintindex":0},"up":{"uv":[11.875,8.0,11.625,7.9375],"rotation":0,"texture":"#0","tintindex":0},"west":{"uv":[0.75,11.8125,0.8125,12.0],"rotation":0,"texture":"#0","tintindex":0}}},{"name":"cube","from":[6.2946634,-0.82233095,6.187437],"to":[9.581412,2.1357427,9.638523],"rotation":{"angle":0.0,"axis":"x","origin":[-2.4152212,-20.871498,5.36575]},"faces":{"down":{"uv":[3.25,9.0,2.9375,9.375],"rotation":0,"texture":"#0","tintindex":0},"east":{"uv":[9.0,2.4375,9.375,2.75],"rotation":0,"texture":"#0","tintindex":0},"north":{"uv":[4.4375,9.3125,4.75,9.625],"rotation":0,"texture":"#0","tintindex":0},"south":{"uv":[4.75,9.3125,5.0625,9.625],"rotation":0,"texture":"#0","tintindex":0},"up":{"uv":[9.3125,3.125,9.0,2.75],"rotation":0,"texture":"#0","tintindex":0},"west":{"uv":[2.5625,9.0,2.9375,9.3125],"rotation":0,"texture":"#0","tintindex":0}}},{"name":"cube","from":[6.2946634,4.600805,6.187437],"to":[9.74575,7.230204,9.638523],"rotation":{"angle":0.0,"axis":"x","origin":[-2.4152212,-20.871498,5.36575]},"faces":{"down":{"uv":[8.625,4.8125,8.25,5.1875],"rotation":0,"texture":"#0","tintindex":0},"east":{"uv":[9.6875,0.0,10.0625,0.25],"rotation":0,"texture":"#0","tintindex":0},"north":{"uv":[9.5625,9.625,9.9375,9.875],"rotation":0,"texture":"#0","tintindex":0},"south":{"uv":[1.3125,9.6875,1.6875,9.9375],"rotation":0,"texture":"#0","tintindex":0},"up":{"uv":[4.8125,8.625,4.4375,8.25],"rotation":0,"texture":"#0","tintindex":0},"west":{"uv":[9.6875,2.25,10.0625,2.5],"rotation":0,"texture":"#0","tintindex":0}}},{"name":"cube","from":[10.238762,-0.16498113,7.009124],"to":[10.567436,4.765142,8.816835],"rotation":{"angle":0.0,"axis":"x","origin":[-2.4152212,-20.871498,5.36575]},"faces":{"down":{"uv":[0.0625,11.8125,0.0,12.0],"rotation":0,"texture":"#0","tintindex":0},"east":{"uv":[8.625,9.5625,8.8125,10.0625],"rotation":0,"texture":"#0","tintindex":0},"north":{"uv":[0.25,11.25,0.3125,11.75],"rotation":0,"texture":"#0","tintindex":0},