{"textures":{"0":"modelengine:entity/lord_demon"},"elements":[{"name":"cube","from":[7.4358225,5.4650497,10.594744],"to":[8.5641775,10.395173,12.202537],"rotation":{"angle":22.5,"axis":"y","origin":[8.0,7.9301133,11.398641]},"faces":{"down":{"uv":[1.5625,11.5,1.4375,11.6875],"rotation":0,"texture":"#0","tintindex":0},"east":{"uv":[4.125,9.75,4.3125,10.25],"rotation":0,"texture":"#0","tintindex":0},"north":{"uv":[10.375,0.625,10.5,1.125],"rotation":0,"texture":"#0","tintindex":0},"south":{"uv":[3.1875,10.375,3.3125,10.875],"rotation":0,"texture":"#0","tintindex":0},"up":{"uv":[1.4375,11.6875,1.3125,11.5],"rotation":0,"texture":"#0","tintindex":0},"west":{"uv":[5.875,9.75,6.0625,10.25],"rotation":0,"texture":"#0","tintindex":0}}},{"name":"cube","from":[7.035983,5.4650497,8.795464],"to":[8.164337,11.994533,10.603176],"rotation":{"angle":0.0,"axis":"x","origin":[21.618,-15.241467,7.15209]},"faces":{"down":{"uv":[11.625,2.0,11.5,2.1875],"rotation":0,"texture":"#0","tintindex":0},"east":{"uv":[3.75,8.625,3.9375,9.3125],"rotation":0,"texture":"#0","tintindex":0},"north":{"uv":[3.25,9.6875,3.375,10.375],"rotation":0,"texture":"#0","tintindex":0},"south":{"uv":[0.1875,9.75,0.3125,10.4375],"rotation":0,"texture":"#0","tintindex":0},"up":{"uv":[11.625,2.0,11.5,1.8125],"rotation":0,"texture":"#0","tintindex":0},"west":{"uv":[4.4375,8.625,4.625,9.3125],"rotation":0,"texture":"#0","tintindex":0}}},{"name":"cube","from":[7.4358225,5.4650497,7.196104],"to":[8.5641775,10.395173,8.803896],"rotation":{"angle":-22.5,"axis":"y","origin":[8.0,7.9301133,8.0]},"faces":{"down":{"uv":[11.625,2.8125,11.5,3.0],"rotation":0,"texture":"#0","tintindex":0},"east":{"uv":[7.6875,9.75,7.875,10.25],"rotation":0,"texture":"#0","tintindex":0},"north":{"uv":[10.375,7.0,10.5,7.5],"rotation":0,"texture":"#0","tintindex":0},"south":{"uv":[0.125,10.4375,0.25,10.9375],"rotation":0,"texture":"#0","tintindex":0},"up":{"uv":[11.625,2.8125,11.5,2.625],"rotation":0,"texture":"#0","tintindex":0},"west":{"uv":[7.875,9.75,8.0625,10.25],"rotation":0,"texture":"#0","tintindex":0}}}],"display":{"head":{"translation":[0.0,-6.4,0.0],"rotation":[0.0,0.0,0.0],"scale":[3.8095,3.8095,3.8095]}}}