{"textures":{"0":"modelengine:entity/lord_demon"},"elements":[{"name":"cube","from":[8.0,0.5522649,6.5565777],"to":[8.607757,3.2871695,10.05118],"rotation":{"angle":0.0,"axis":"x","origin":[2.0743709,-18.440136,4.581368]},"faces":{"down":{"uv":[4.125,11.375,4.0625,11.75],"rotation":0,"texture":"#0","tintindex":0},"east":{"uv":[8.875,7.5,9.25,7.8125],"rotation":0,"texture":"#0","tintindex":0},"north":{"uv":[2.6875,11.5625,2.75,11.875],"rotation":0,"texture":"#0","tintindex":0},"south":{"uv":[2.75,11.5625,2.8125,11.875],"rotation":0,"texture":"#0","tintindex":0},"up":{"uv":[4.0625,11.75,4.0,11.375],"rotation":0,"texture":"#0","tintindex":0},"west":{"uv":[8.9375,1.0,9.3125,1.3125],"rotation":0,"texture":"#0","tintindex":0}}},{"name":"cube","from":[8.0,3.2871695,5.341064],"to":[8.607757,8.453104,10.05118],"rotation":{"angle":0.0,"axis":"x","origin":[2.0743709,-18.440136,4.581368]},"faces":{"down":{"uv":[3.0625,11.1875,3.0,11.6875],"rotation":0,"texture":"#0","tintindex":0},"east":{"uv":[5.5625,0.9375,6.0625,1.5],"rotation":0,"texture":"#0","tintindex":0},"north":{"uv":[3.0625,11.0,3.125,11.5625],"rotation":0,"texture":"#0","tintindex":0},"south":{"uv":[3.3125,11.0,3.375,11.5625],"rotation":0,"texture":"#0","tintindex":0},"up":{"uv":[2.4375,11.6875,2.375,11.1875],"rotation":0,"texture":"#0","tintindex":0},"west":{"uv":[1.25,5.5625,1.75,6.125],"rotation":0,"texture":"#0","tintindex":0}}}],"display":{"head":{"translation":[0.0,-6.4,0.0],"rotation":[0.0,0.0,0.0],"scale":[3.8095,3.8095,3.8095]}}}