{"textures":{"0":"modelengine:entity/lord_demon"},"elements":[{"name":"cube","from":[2.3782494,3.2871695,7.6961217],"to":[13.317873,8.453104,8.303879],"rotation":{"angle":0.0,"axis":"x","origin":[7.3922434,-18.440136,2.2263103]},"faces":{"down":{"uv":[10.9375,0.375,9.8125,0.4375],"rotation":0,"texture":"#0","tintindex":0},"east":{"uv":[3.375,11.0,3.4375,11.5625],"rotation":0,"texture":"#0","tintindex":0},"north":{"uv":[2.6875,1.25,3.8125,1.8125],"rotation":0,"texture":"#0","tintindex":0},"south":{"uv":[2.6875,1.8125,3.8125,2.375],"rotation":0,"texture":"#0","tintindex":0},"up":{"uv":[10.875,5.25,9.75,5.1875],"rotation":0,"texture":"#0","tintindex":0},"west":{"uv":[11.0,8.6875,11.0625,9.25],"rotation":0,"texture":"#0","tintindex":0}}}],"display":{"head":{"translation":[0.0,-6.4,0.0],"rotation":[0.0,0.0,0.0],"scale":[3.8095,3.8095,3.8095]}}}