{"textures":{"0":"modelengine:entity/lord_demon"},"elements":[{"name":"cube","from":[6.3894444,5.5461354,4.4814982],"to":[9.610556,7.961969,9.635277],"rotation":{"angle":0.0,"axis":"x","origin":[4.4567776,4.579802,5.769943]},"faces":{"down":{"uv":[3.875,7.5625,3.5625,8.125],"rotation":0,"texture":"#0","tintindex":0},"east":{"uv":[1.5,8.125,2.0625,8.375],"rotation":0,"texture":"#0","tintindex":0},"north":{"uv":[9.8125,7.375,10.125,7.625],"rotation":0,"texture":"#0","tintindex":0},"south":{"uv":[9.875,4.4375,10.1875,4.6875],"rotation":0,"texture":"#0","tintindex":0},"up":{"uv":[2.875,8.125,2.5625,7.5625],"rotation":0,"texture":"#0","tintindex":0},"west":{"uv":[2.0625,8.125,2.625,8.375],"rotation":0,"texture":"#0","tintindex":0}}},{"name":"cube","from":[6.3985605,7.387934,1.1476908],"to":[9.601439,8.193212,5.1740794],"rotation":{"angle":-22.5,"axis":"x","origin":[8.161056,6.9047675,4.3688016]},"faces":{"down":{"uv":[0.3125,8.625,0.0,9.0625],"rotation":0,"texture":"#0","tintindex":0},"east":{"uv":[11.0625,5.125,11.5,5.1875],"rotation":0,"texture":"#0","tintindex":0},"north":{"uv":[11.5,5.5625,11.8125,5.625],"rotation":0,"texture":"#0","tintindex":0},"south":{"uv":[11.5,5.625,11.8125,5.6875],"rotation":0,"texture":"#0","tintindex":0},"up":{"uv":[8.875,6.875,8.5625,6.4375],"rotation":0,"texture":"#0","tintindex":0},"west":{"uv":[11.1875,5.375,11.625,5.4375],"rotation":0,"texture":"#0","tintindex":0}}},{"name":"cube","from":[6.237505,7.065571,4.3373017],"to":[9.762495,9.320349,5.6257463],"rotation":{"angle":-45.0,"axis":"x","origin":[8.161056,8.57144,5.5854826]},"faces":{"down":{"uv":[10.9375,9.4375,10.5625,9.5625],"rotation":0,"texture":"#0","tintindex":0},"east":{"uv":[2.5,8.75,2.625,9.0],"rotation":0,"texture":"#0","tintindex":0},"north":{"uv":[9.5625,9.375,9.9375,9.625],"rotation":0,"texture":"#0","tintindex":0},"south":{"uv":[9.625,0.625,10.0,0.875],"rotation":0,"texture":"#0","tintindex":0},"up":{"uv":[10.9375,9.4375,10.5625,9.3125],"rotation":0,"texture":"#0","tintindex":0},"west":{"uv":[0.625,9.5,0.75,9.75],"rotation":0,"texture":"#0","tintindex":0}}},{"name":"cube","from":[6.237505,7.452104,5.6257463],"to":[9.762495,9.320349,7.236302],"rotation":{"angle":-45.0,"axis":"x","origin":[8.161056,8.57144,5.5854826]},"faces":{"down":{"uv":[10.375,1.375,10.0,1.5625],"rotation":0,"texture":"#0","tintindex":0},"east":{"uv":[11.0,4.125,11.1875,4.3125],"rotation":0,"texture":"#0","tintindex":0},"north":{"uv":[10.0,0.8125,10.375,1.0],"rotation":0,"texture":"#0","tintindex":0},"south":{"uv":[10.0,1.0,10.375,1.1875],"rotation":0,"texture":"#0","tintindex":0},"up":{"uv":[10.375,1.375,10.0,1.1875],"rotation":0,"texture":"#0","tintindex":0},"west":{"uv":[11.0,4.8125,11.1875,5.0],"rotation":0,"texture":"#0","tintindex":0}}},{"name":"cube","from":[6.5505,5.5461354,2.387776],"to":[9.4495,7.478802,4.4814982],"rotation":{"angle":0.0,"axis":"x","origin":[7.677889,6.5929966,3.434637]},"faces":{"down":{"uv":[10.75,5.8125,10.4375,6.0],"rotation":0,"texture":"#0","tintindex":0},"east":{"uv":[11.0,5.25,11.1875,5.4375],"rotation":0,"texture":"#0","tintindex":0},"north":{"uv":[10.4375,3.9375,10.75,4.125],"rotation":0,"texture":"#0","tintindex":0},"south":{"uv":[10.4375,4.875,10.75,5.0625],"rotation":0,"texture":"#0","tintindex":0},"up":{"uv":[10.75,5.4375,10.4375,5.25],"rotation":0,"texture":"#0","tintindex":0},"west":{"uv":[11.0,5.5625,11.1875,5.75],"rotation":0,"texture":"#0","tintindex":0}}},{"name":"cube","from":[6.5505,5.5461354,1.1974084],"to":[9.4495,6.985736,3.1930537],"rotation":{"angle":0.0,"axis":"x","origin":[7.8389444,6.5929966,3.434637]},"faces":{"down":{"uv":[10.75,6.8125,10.4375,7.0],"rotation":0,"texture":"#0","tintindex":0},"east":{"uv":[11.375,4.4375,11.5625,4.5625],"rotation":0,"texture":"#0","tintindex":0},"north":{"uv":[10.9375,2.875,11.25,3.0],"rotation":0,"texture":"#0","tintindex":0},"south":{"uv":[10.9375,3.0,11.25,3.125],"rotation":0,"texture":"#0","tintindex":0},"up":{"uv":[10.75,6.8125,10.4375,6.625],"rotation":0,"texture":"#0","tintindex":0},"west":{"uv":[11.375,4.5625,11.5625,4.6875],"rotation":0,"texture":"#0","tintindex":0}}},{"name":"cube","from":[6.228389,4.579802,4.4814982],"to":[9.77161,5.5461354,9.796331],"rotation":{"angle":0.0,"axis":"x","origin":[4.4567776,4.579802,5.769943]},"faces":{"down":{"uv":[7.5625,5.625,7.1875,6.1875],"rotation":0,"texture":"#0","tintindex":0},"east":{"uv":[9.9375,8.5625,10.5,8.6875],"rotation":0,"texture":"#0","tintindex":0},"north":{"uv":[10.625,1.125,11.0,1.25],"rotation":0,"texture":"#0","tintindex":0},"south":{"uv":[10.625,1.25,11.0,1.375],"rotation":0,"texture":"#0","tintindex":0},"up":{"uv":[7.5,7.625,7.125,7.0625],"rotation":0,"texture":"#0","tintindex":0},"west":{"uv":[9.9375,9.75,10.5,9.875],"rotation":0,"texture":"#0","tintindex":0}}},{"name":"cube","from":[6.228389,5.5461354,7.7026095],"to":[9.77161,7.1566906,9.796331],"rotation":{"angle":0.0,"axis":"x","origin":[4.4567776,4.579802,5.769943]},"faces":{"down":{"uv":[10.375,7.0,10.0,7.1875],"rotation":0,"texture":"#0","tintindex":0},"east":{"uv":[11.0,5.75,11.1875,5.9375],"rotation":0,"texture":"#0","tintindex":0},"north":{"uv":[10.0,2.75,10.375,2.9375],"rotation":0,"texture":"#0","tintindex":0},"south":{"uv":[10.0,4.1875,10.375,4.375],"rotation":0,"texture":"#0","tintindex":0},"up":{"uv":[10.375,5.8125,10.0,5.625],"rotation":0,"texture":"#0","tintindex":0},"west":{"uv":[8.5625,11.0,8.75,11.1875],"rotation":0,"texture":"#0","tintindex":0}}},{"name":"cube","from":[6.3894444,4.579802,1.0363529],"to":[9.610556,5.5461354,4.4814982],"rotation":{"angle":0.0,"axis":"x","origin":[4.617833,4.579802,5.769943]},"faces":{"down":{"uv":[9.1875,7.125,8.875,7.5],"rotation":0,"texture":"#0","tintindex":0},"east":{"uv":[10.625,2.0625,11.0,2.1875],"rotation":0,"texture":"#0","tintindex":0},"north":{"uv":[10.9375,3.5,11.25,3.625],"rotation":0,"texture":"#0","tintindex":0},"south":{"uv":[10.9375,3.8125,11.25,3.9375],"rotation":0,"texture":"#0","tintindex":0},"up":{"uv":[6.9375,9.25,6.625,8.875],"rotation":0,"texture":"#0","tintindex":0},"west":{"uv":[10.625,2.375,11.0,2.5],"rotation":0,"texture":"#0","tintindex":0}}}],"display":{"head":{"translation":[0.0,-6.4,0.0],"rotation":[0.0,0.0,0.0],"scale":[3.8095,3.8095,3.8095]}}}