{"textures":{"0":"modelengine:entity/lord_demon"},"elements":[{"name":"cube","from":[6.176729,-1.8787622,6.0247903],"to":[9.823271,7.3895288,10.12715],"rotation":{"angle":0.0,"axis":"x","origin":[4.8092766,-16.312988,5.5689726]},"faces":{"down":{"uv":[5.75,7.625,5.375,8.0625],"rotation":0,"texture":"#0","tintindex":0},"east":{"uv":[2.8125,3.8125,3.25,4.75],"rotation":0,"texture":"#0","tintindex":0},"north":{"uv":[0.0,4.5,0.375,5.4375],"rotation":0,"texture":"#0","tintindex":0},"south":{"uv":[0.375,4.5,0.75,5.4375],"rotation":0,"texture":"#0","tintindex":0},"up":{"uv":[5.375,8.0625,5.0,7.625],"rotation":0,"texture":"#0","tintindex":0},"west":{"uv":[3.25,3.875,3.6875,4.8125],"rotation":0,"texture":"#0","tintindex":0}}},{"name":"cube","from":[9.823271,-0.055491924,5.8728514],"to":[10.431027,1.7677785,10.12715],"rotation":{"angle":0.0,"axis":"x","origin":[4.8092766,-16.312988,5.5689726]},"faces":{"down":{"uv":[9.75,11.3125,9.6875,11.75],"rotation":0,"texture":"#0","tintindex":0},"east":{"uv":[9.75,6.8125,10.1875,7.0],"rotation":0,"texture":"#0","tintindex":0},"north":{"uv":[4.1875,11.75,4.25,11.9375],"rotation":0,"texture":"#0","tintindex":0},"south":{"uv":[4.375,11.75,4.4375,11.9375],"rotation":0,"texture":"#0","tintindex":0},"up":{"uv":[9.6875,11.75,9.625,11.3125],"rotation":0,"texture":"#0","tintindex":0},"west":{"uv":[9.75,8.9375,10.1875,9.125],"rotation":0,"texture":"#0","tintindex":0}}},{"name":"cube","from":[9.823271,1.7677785,5.417033],"to":[10.431027,7.3895288,10.12715],"rotation":{"angle":0.0,"axis":"x","origin":[4.8092766,-16.312988,5.5689726]},"faces":{"down":{"uv":[8.0,11.0625,7.9375,11.5625],"rotation":0,"texture":"#0","tintindex":0},"east":{"uv":[5.4375,2.0625,5.9375,2.625],"rotation":0,"texture":"#0","tintindex":0},"north":{"uv":[2.625,11.0,2.6875,11.5625],"rotation":0,"texture":"#0","tintindex":0},"south":{"uv":[2.6875,11.0,2.75,11.5625],"rotation":0,"texture":"#0","tintindex":0},"up":{"uv":[7.9375,11.5625,7.875,11.0625],"rotation":0,"texture":"#0","tintindex":0},"west":{"uv":[5.4375,2.625,5.9375,3.1875],"rotation":0,"texture":"#0","tintindex":0}}},{"name":"cube","from":[9.823271,-1.8787622,5.8728514],"to":[10.431027,-0.055491924,8.911635],"rotation":{"angle":0.0,"axis":"x","origin":[4.8092766,-16.312988,5.5689726]},"faces":{"down":{"uv":[9.375,11.5,9.3125,11.8125],"rotation":0,"texture":"#0","tintindex":0},"east":{"uv":[10.4375,2.1875,10.75,2.375],"rotation":0,"texture":"#0","tintindex":0},"north":{"uv":[4.9375,11.75,5.0,11.9375],"rotation":0,"texture":"#0","tintindex":0},"south":{"uv":[5.0625,11.75,5.125,11.9375],"rotation":0,"texture":"#0","tintindex":0},"up":{"uv":[9.3125,11.8125,9.25,11.5],"rotation":0,"texture":"#0","tintindex":0},"west":{"uv":[10.4375,2.9375,10.75,3.125],"rotation":0,"texture":"#0","tintindex":0}}},{"name":"cube","from":[5.5689726,-1.8787622,5.8728514],"to":[6.176729,1.7677785,8.303879],"rotation":{"angle":0.0,"axis":"x","origin":[4.8092766,-16.312988,5.5689726]},"faces":{"down":{"uv":[0.5625,11.625,0.5,11.875],"rotation":0,"texture":"#0","tintindex":0},"east":{"uv":[3.875,9.5625,4.125,9.9375],"rotation":0,"texture":"#0","tintindex":0},"north":{"uv":[7.0625,9.6875,7.125,10.0625],"rotation":0,"texture":"#0","tintindex":0},"south":{"uv":[11.3125,6.875,11.375,7.25],"rotation":0,"texture":"#0","tintindex":0},"up":{"uv":[11.6875,0.6875,11.625,0.4375],"rotation":0,"texture":"#0","tintindex":0},"west":{"uv":[7.25,9.5625,7.5,9.9375],"rotation":0,"texture":"#0","tintindex":0}}},{"name":"cube","from":[5.5689726,1.7677785,5.417033],"to":[6.176729,7.3895288,10.12715],"rotation":{"angle":0.0,"axis":"x","origin":[4.8092766,-16.312988,5.5689726]},"faces":{"down":{"uv":[10.9375,11.0625,10.875,11.5625],"rotation":0,"texture":"#0","tintindex":0},"east":{"uv":[5.1875,5.4375,5.6875,6.0],"rotation":0,"texture":"#0","tintindex":0},"north":{"uv":[2.75,11.0,2.8125,11.5625],"rotation":0,"texture":"#0","tintindex":0},"south":{"uv":[2.8125,11.0,2.875,11.5625],"rotation":0,"texture":"#0","tintindex":0},"up":{"uv":[10.875,11.5625,10.8125,11.0625],"rotation":0,"texture":"#0","tintindex":0},"west":{"uv":[5.5,3.8125,6.0,4.375],"rotation":0,"texture":"#0","tintindex":0}}},{"name":"cube","from":[6.176729,-0.055491924,5.417033],"to":[9.823271,7.3895288,6.0247903],"rotation":{"angle":0.0,"axis":"x","origin":[4.8092766,-16.312988,5.5689726]},"faces":{"down":{"uv":[11.6875,3.6875,11.3125,3.75],"rotation":0,"texture":"#0","tintindex":0},"east":{"uv":[7.625,10.625,7.6875,11.375],"rotation":0,"texture":"#0","tintindex":0},"north":{"uv":[0.5,5.5625,0.875,6.3125],"rotation":0,"texture":"#0","tintindex":0},"south":{"uv":[0.875,5.5625,1.25,6.3125],"rotation":0,"texture":"#0","tintindex":0},"up":{"uv":[10.4375,0.25,10.0625,0.1875],"rotation":0,"texture":"#0","tintindex":0},"west":{"uv":[7.6875,10.625,7.75,11.375],"rotation":0,"texture":"#0","tintindex":0}}},{"name":"cube","from":[6.176729,1.7677785,4.8092766],"to":[7.3922434,4.9585013,5.417033],"rotation":{"angle":0.0,"axis":"x","origin":[4.8092766,-16.312988,5.5689726]},"faces":{"down":{"uv":[6.625,9.625,6.5,9.6875],"rotation":0,"texture":"#0","tintindex":0},"east":{"uv":[9.375,11.5,9.4375,11.8125],"rotation":0,"texture":"#0","tintindex":0},"north":{"uv":[3.1875,10.875,3.3125,11.1875],"rotation":0,"texture":"#0","tintindex":0},"south":{"uv":[9.5,10.875,9.625,11.1875],"rotation":0,"texture":"#0","tintindex":0},"up":{"uv":[1.4375,9.6875,1.3125,9.625],"rotation":0,"texture":"#0","tintindex":0},"west":{"uv":[10.25,11.5,10.3125,11.8125],"rotation":0,"texture":"#0","tintindex":0}}},{"name":"cube","from":[6.176729,4.9585013,4.8092766],"to":[9.823271,7.3895288,5.417033],"rotation":{"angle":0.0,"axis":"x","origin":[4.8092766,-16.312988,5.5689726]},"faces":{"down":{"uv":[11.6875,6.5625,11.3125,6.625],"rotation":0,"texture":"#0","tintindex":0},"east":{"uv":[11.625,0.6875,11.6875,0.9375],"rotation":0,"texture":"#0","tintindex":0},"north":{"uv":[9.5625,8.1875,9.9375,8.4375],"rotation":0,"texture":"#0","tintindex":0},"south":{"uv":[9.5625,8.4375,9.9375,8.6875],"rotation":0,"texture":"#0","tintindex":0},"up":{"uv":[11.6875,5.125,11.3125,5.0625],"rotation":0,"texture":"#0","tintindex":0},"west":{"uv":[0.875,11.625,0.9375,11.875],"rotation":0,"texture":"#0","tintindex":0}}},{"name":"cube","from":[8.607757,1.7677785,4.8092766],"to":[9.823271,4.9585013,5.417033],"rotation":{"angle":0.0,"axis":"x","origin":[4.8092766,-16.312988,5.5689726]},"faces":{"down":{"uv":[9.9375,7.625,9.8125,7.6875],"rotation":0,"texture":"#0","tintindex":0},"east":{"uv":[11.5625,1.0625,11.625,1.375],"rotation":0,"texture":"#0","tintindex":0},"north":{"uv":[9.625,10.875,9.75,11.1875],"rotation":0,"texture":"#0","tintindex":0},"south":{"uv":[9.75,10.875,9.875,11.1875],"rotation":0,"texture":"#0","tintindex":0},"up":{"uv":[9.8125,6.6875,9.6875,6.625],"rotation":0,"texture":"#0","tintindex":0},"west":{"uv":[1.5625,11.5625,1.625,11.875],"rotation":0,"texture":"#0","tintindex":0}}}],"display":{"head":{"translation":[0.0,-6.4,0.0],"rotation":[0.0,0.0,0.0],"scale":[3.8095,3.8095,3.8095]}}}