{"textures":{"0":"modelengine:entity/lord_demon"},"elements":[{"name":"cube","from":[5.8342,5.7229958,11.216713],"to":[6.43396,7.9381094,12.880047],"rotation":{"angle":0.0,"axis":"x","origin":[12.199653,-1.6660476,7.87405]},"faces":{"down":{"uv":[9.625,11.8125,9.5625,12.0],"rotation":0,"texture":"#0","tintindex":0},"east":{"uv":[5.1875,10.8125,5.375,11.0625],"rotation":0,"texture":"#0","tintindex":0},"north":{"uv":[11.75,2.625,11.8125,2.875],"rotation":0,"texture":"#0","tintindex":0},"south":{"uv":[11.75,3.6875,11.8125,3.9375],"rotation":0,"texture":"#0","tintindex":0},"up":{"uv":[11.875,9.6875,11.8125,9.5],"rotation":0,"texture":"#0","tintindex":0},"west":{"uv":[5.375,10.8125,5.5625,11.0625],"rotation":0,"texture":"#0","tintindex":0}}},{"name":"cube","from":[5.8342,5.3231554,7.418233],"to":[6.43396,8.737789,11.280687],"rotation":{"angle":0.0,"axis":"x","origin":[12.199653,-1.6660476,7.87405]},"faces":{"down":{"uv":[5.3125,11.5,5.25,11.875],"rotation":0,"texture":"#0","tintindex":0},"east":{"uv":[8.5,6.0625,8.875,6.4375],"rotation":0,"texture":"#0","tintindex":0},"north":{"uv":[4.8125,11.5,4.875,11.875],"rotation":0,"texture":"#0","tintindex":0},"south":{"uv":[4.875,11.5,4.9375,11.875],"rotation":0,"texture":"#0","tintindex":0},"up":{"uv":[5.25,11.875,5.1875,11.5],"rotation":0,"texture":"#0","tintindex":0},"west":{"uv":[6.3125,8.5,6.6875,8.875],"rotation":0,"texture":"#0","tintindex":0}}},{"name":"cube","from":[7.03372,4.523475,6.218713],"to":[10.8322,10.337149,6.8824472],"rotation":{"angle":0.0,"axis":"x","origin":[12.199653,-1.6660476,7.87405]},"faces":{"down":{"uv":[11.8125,11.0625,11.4375,11.125],"rotation":0,"texture":"#0","tintindex":0},"east":{"uv":[9.1875,10.9375,9.25,11.5625],"rotation":0,"texture":"#0","tintindex":0},"north":{"uv":[5.75,7.0,6.125,7.625],"rotation":0,"texture":"#0","tintindex":0},"south":{"uv":[7.0625,1.1875,7.4375,1.8125],"rotation":0,"texture":"#0","tintindex":0},"up":{"uv":[11.8125,10.25,11.4375,10.1875],"rotation":0,"texture":"#0","tintindex":0},"west":{"uv":[0.875,11.0,0.9375,11.625],"rotation":0,"texture":"#0","tintindex":0}}},{"name":"cube","from":[6.23404,5.3231554,6.6185527],"to":[7.2336397,10.337149,7.282287],"rotation":{"angle":0.0,"axis":"x","origin":[12.199653,-1.6660476,7.87405]},"faces":{"down":{"uv":[2.75,11.875,2.625,11.9375],"rotation":0,"texture":"#0","tintindex":0},"east":{"uv":[6.375,11.25,6.4375,11.75],"rotation":0,"texture":"#0","tintindex":0},"north":{"uv":[4.25,10.4375,4.375,10.9375],"rotation":0,"texture":"#0","tintindex":0},"south":{"uv":[4.375,10.4375,4.5,10.9375],"rotation":0,"texture":"#0","tintindex":0},"up":{"uv":[12.0,2.625,11.875,2.5625],"rotation":0,"texture":"#0","tintindex":0},"west":{"uv":[8.3125,11.25,8.375,11.75],"rotation":0,"texture":"#0","tintindex":0}}},{"name":"cube","from":[7.8334,9.321556,5.8188725],"to":[10.03252,11.936509,6.482607],"rotation":{"angle":0.0,"axis":"x","origin":[12.199653,-1.6660476,7.87405]},"faces":{"down":{"uv":[11.9375,10.125,11.6875,10.1875],"rotation":0,"texture":"#0","tintindex":0},"east":{"uv":[11.375,11.6875,11.4375,11.9375],"rotation":0,"texture":"#0","tintindex":0},"north":{"uv":[10.3125,9.3125,10.5625,9.5625],"rotation":0,"texture":"#0","tintindex":0},"south":{"uv":[10.375,1.125,10.625,1.375],"rotation":0,"texture":"#0","tintindex":0},"up":{"uv":[11.9375,9.4375,11.6875,9.375],"rotation":0,"texture":"#0","tintindex":0},"west":{"uv":[0.25,11.75,0.3125,12.0],"rotation":0,"texture":"#0","tintindex":0}}},{"name":"cube","from":[10.63228,5.3231554,6.6185527],"to":[11.63188,10.337149,7.282287],"rotation":{"angle":0.0,"axis":"x","origin":[12.199653,-1.6660476,7.87405]},"faces":{"down":{"uv":[12.0,2.6875,11.875,2.75],"rotation":0,"texture":"#0","tintindex":0},"east":{"uv":[8.375,11.25,8.4375,11.75],"rotation":0,"texture":"#0","tintindex":0},"north":{"uv":[4.5,10.4375,4.625,10.9375],"rotation":0,"texture":"#0","tintindex":0},"south":{"uv":[4.625,10.4375,4.75,10.9375],"rotation":0,"texture":"#0","tintindex":0},"up":{"uv":[12.0,2.6875,11.875,2.625],"rotation":0,"texture":"#0","tintindex":0},"west":{"uv":[8.75,11.25,8.8125,11.75],"rotation":0,"texture":"#0","tintindex":0}}}],"display":{"head":{"translation":[0.0,-6.4,0.0],"rotation":[0.0,0.0,0.0],"scale":[3.8095,3.8095,3.8095]}}}