{"textures":{"0":"modelengine:entity/lord_demon"},"elements":[{"name":"cube","from":[7.896042,8.717796,6.8111424],"to":[8.5037985,13.539867,11.521258],"rotation":{"angle":0.0,"axis":"x","origin":[1.4826077,-12.561689,6.9630814]},"faces":{"down":{"uv":[0.6875,11.3125,0.625,11.8125],"rotation":0,"texture":"#0","tintindex":0},"east":{"uv":[6.4375,5.125,6.9375,5.625],"rotation":0,"texture":"#0","tintindex":0},"north":{"uv":[10.0625,11.25,10.125,11.75],"rotation":0,"texture":"#0","tintindex":0},"south":{"uv":[10.5625,11.25,10.625,11.75],"rotation":0,"texture":"#0","tintindex":0},"up":{"uv":[0.625,11.8125,0.5625,11.3125],"rotation":0,"texture":"#0","tintindex":0},"west":{"uv":[6.5,0.6875,7.0,1.1875],"rotation":0,"texture":"#0","tintindex":0}}},{"name":"cube","from":[7.896042,3.9197164,6.8111424],"to":[8.5037985,8.741788,9.921898],"rotation":{"angle":0.0,"axis":"x","origin":[1.4826077,-12.561689,6.9630814]},"faces":{"down":{"uv":[11.6875,0.0,11.625,0.3125],"rotation":0,"texture":"#0","tintindex":0},"east":{"uv":[0.25,8.125,0.5625,8.625],"rotation":0,"texture":"#0","tintindex":0},"north":{"uv":[0.6875,11.3125,0.75,11.8125],"rotation":0,"texture":"#0","tintindex":0},"south":{"uv":[1.6875,11.3125,1.75,11.8125],"rotation":0,"texture":"#0","tintindex":0},"up":{"uv":[11.625,11.8125,11.5625,11.5],"rotation":0,"texture":"#0","tintindex":0},"west":{"uv":[0.5625,8.125,0.875,8.625],"rotation":0,"texture":"#0","tintindex":0}}},{"name":"cube","from":[6.8964415,3.1200366,5.6116223],"to":[8.303879,9.541467,6.9230976],"rotation":{"angle":0.0,"axis":"x","origin":[1.4826077,-12.561689,6.9630814]},"faces":{"down":{"uv":[11.875,4.3125,11.75,4.4375],"rotation":0,"texture":"#0","tintindex":0},"east":{"uv":[9.25,9.75,9.375,10.4375],"rotation":0,"texture":"#0","tintindex":0},"north":{"uv":[4.3125,9.75,4.4375,10.4375],"rotation":0,"texture":"#0","tintindex":0},"south":{"uv":[9.375,9.75,9.5,10.4375],"rotation":0,"texture":"#0","tintindex":0},"up":{"uv":[11.875,4.3125,11.75,4.1875],"rotation":0,"texture":"#0","tintindex":0},"west":{"uv":[0.3125,9.8125,0.4375,10.5],"rotation":0,"texture":"#0","tintindex":0}}}],"display":{"head":{"translation":[0.0,-6.4,0.0],"rotation":[0.0,0.0,0.0],"scale":[3.8095,3.8095,3.8095]}}}