{"textures":{"0":"modelengine:entity/lord_demon"},"elements":[{"name":"cube","from":[9.56604,5.7229958,11.216713],"to":[10.1658,7.9381094,12.880047],"rotation":{"angle":0.0,"axis":"x","origin":[3.800347,-1.6660476,7.87405]},"faces":{"down":{"uv":[9.75,11.8125,9.6875,12.0],"rotation":0,"texture":"#0","tintindex":0},"east":{"uv":[6.5625,10.8125,6.75,11.0625],"rotation":0,"texture":"#0","tintindex":0},"north":{"uv":[11.75,3.9375,11.8125,4.1875],"rotation":0,"texture":"#0","tintindex":0},"south":{"uv":[4.0,11.75,4.0625,12.0],"rotation":0,"texture":"#0","tintindex":0},"up":{"uv":[9.6875,12.0,9.625,11.8125],"rotation":0,"texture":"#0","tintindex":0},"west":{"uv":[6.75,10.8125,6.9375,11.0625],"rotation":0,"texture":"#0","tintindex":0}}},{"name":"cube","from":[9.56604,5.3231554,7.418233],"to":[10.1658,8.737789,11.280687],"rotation":{"angle":0.0,"axis":"x","origin":[3.800347,-1.6660476,7.87405]},"faces":{"down":{"uv":[6.75,11.5,6.6875,11.875],"rotation":0,"texture":"#0","tintindex":0},"east":{"uv":[8.5,7.25,8.875,7.625],"rotation":0,"texture":"#0","tintindex":0},"north":{"uv":[5.3125,11.5,5.375,11.875],"rotation":0,"texture":"#0","tintindex":0},"south":{"uv":[6.5625,11.5,6.625,11.875],"rotation":0,"texture":"#0","tintindex":0},"up":{"uv":[6.6875,11.875,6.625,11.5],"rotation":0,"texture":"#0","tintindex":0},"west":{"uv":[8.5,7.625,8.875,8.0],"rotation":0,"texture":"#0","tintindex":0}}},{"name":"cube","from":[5.1678,4.523475,6.218713],"to":[8.96628,10.337149,6.8824472],"rotation":{"angle":0.0,"axis":"x","origin":[3.800347,-1.6660476,7.87405]},"faces":{"down":{"uv":[11.875,5.1875,11.5,5.25],"rotation":0,"texture":"#0","tintindex":0},"east":{"uv":[1.9375,11.0,2.0,11.625],"rotation":0,"texture":"#0","tintindex":0},"north":{"uv":[1.5625,7.0625,1.9375,7.6875],"rotation":0,"texture":"#0","tintindex":0},"south":{"uv":[7.0625,1.8125,7.4375,2.4375],"rotation":0,"texture":"#0","tintindex":0},"up":{"uv":[11.875,5.1875,11.5,5.125],"rotation":0,"texture":"#0","tintindex":0},"west":{"uv":[2.0,11.0,2.0625,11.625],"rotation":0,"texture":"#0","tintindex":0}}},{"name":"cube","from":[8.76636,5.3231554,6.6185527],"to":[9.765961,10.337149,7.282287],"rotation":{"angle":0.0,"axis":"x","origin":[3.800347,-1.6660476,7.87405]},"faces":{"down":{"uv":[12.0,2.75,11.875,2.8125],"rotation":0,"texture":"#0","tintindex":0},"east":{"uv":[9.0625,11.25,9.125,11.75],"rotation":0,"texture":"#0","tintindex":0},"north":{"uv":[4.75,10.4375,4.875,10.9375],"rotation":0,"texture":"#0","tintindex":0},"south":{"uv":[7.0,10.4375,7.125,10.9375],"rotation":0,"texture":"#0","tintindex":0},"up":{"uv":[2.875,11.9375,2.75,11.875],"rotation":0,"texture":"#0","tintindex":0},"west":{"uv":[9.125,11.25,9.1875,11.75],"rotation":0,"texture":"#0","tintindex":0}}},{"name":"cube","from":[5.9674797,9.321556,5.8188725],"to":[8.1666,11.936509,6.482607],"rotation":{"angle":0.0,"axis":"x","origin":[3.800347,-1.6660476,7.87405]},"faces":{"down":{"uv":[12.0,2.9375,11.75,3.0],"rotation":0,"texture":"#0","tintindex":0},"east":{"uv":[4.0625,11.75,4.125,12.0],"rotation":0,"texture":"#0","tintindex":0},"north":{"uv":[10.375,4.125,10.625,4.375],"rotation":0,"texture":"#0","tintindex":0},"south":{"uv":[10.375,5.5625,10.625,5.8125],"rotation":0,"texture":"#0","tintindex":0},"up":{"uv":[12.0,2.9375,11.75,2.875],"rotation":0,"texture":"#0","tintindex":0},"west":{"uv":[4.125,11.75,4.1875,12.0],"rotation":0,"texture":"#0","tintindex":0}}},{"name":"cube","from":[4.36812,5.3231554,6.6185527],"to":[5.36772,10.337149,7.282287],"rotation":{"angle":0.0,"axis":"x","origin":[3.800347,-1.6660476,7.87405]},"faces":{"down":{"uv":[3.3125,11.875,3.1875,11.9375],"rotation":0,"texture":"#0","tintindex":0},"east":{"uv":[11.25,9.6875,11.3125,10.1875],"rotation":0,"texture":"#0","tintindex":0},"north":{"uv":[7.125,10.4375,7.25,10.9375],"rotation":0,"texture":"#0","tintindex":0},"south":{"uv":[10.4375,7.75,10.5625,8.25],"rotation":0,"texture":"#0","tintindex":0},"up":{"uv":[12.0,2.875,11.875,2.8125],"rotation":0,"texture":"#0","tintindex":0},"west":{"uv":[10.0,11.25,10.0625,11.75],"rotation":0,"texture":"#0","tintindex":0}}}],"display":{"head":{"translation":[0.0,-6.4,0.0],"rotation":[0.0,0.0,0.0],"scale":[3.8095,3.8095,3.8095]}}}