{"textures":{"0":"modelengine:entity/texture"},"elements":[{"name":"cube","from":[6.8,5.6,8.0],"to":[9.2,8.0,15.2],"rotation":{"angle":0.0,"axis":"x","origin":[8.0,8.0,8.0]},"faces":{"down":{"uv":[5.169231,8.123077,4.1846156,11.076923],"rotation":0,"texture":"#0","tintindex":0},"east":{"uv":[0.24615385,11.076923,3.2,12.061539],"rotation":0,"texture":"#0","tintindex":0},"north":{"uv":[3.2,11.076923,4.1846156,12.061539],"rotation":0,"texture":"#0","tintindex":0},"south":{"uv":[7.1384616,11.076923,8.123077,12.061539],"rotation":0,"texture":"#0","tintindex":0},"up":{"uv":[4.1846156,11.076923,3.2,8.123077],"rotation":0,"texture":"#0","tintindex":0},"west":{"uv":[4.1846156,11.076923,7.1384616,12.061539],"rotation":0,"texture":"#0","tintindex":0}}}],"display":{"head":{"translation":[0.0,-6.4,0.0],"rotation":[0.0,0.0,0.0],"scale":[3.8095,3.8095,3.8095]}}}