{"textures":{"0":"modelengine:entity/orc_bruthish"},"elements":[{"name":"leftarm","from":[4.55,-2.2000017,6.1549997],"to":[6.98,2.0149984,8.389999],"rotation":{"angle":0.0,"axis":"x","origin":[15.23,-14.890002,6.2]},"faces":{"down":{"uv":[9.9995,5.2495,11.2485,10.248],"rotation":0,"texture":"#0","tintindex":0},"east":{"uv":[5.2495,1.49975,10.248,13.7485],"rotation":0,"texture":"#0","tintindex":0},"north":{"uv":[9.25,5.0,11.75,8.25],"rotation":0,"texture":"#0","tintindex":0},"south":{"uv":[7.2495,3.74975,8.99775,12.495],"rotation":0,"texture":"#0","tintindex":0},"up":{"uv":[10.24975,4.25,10.99825,6.9985],"rotation":0,"texture":"#0","tintindex":0},"west":{"uv":[5.4995,0.7495,9.4995,15.996],"rotation":0,"texture":"#0","tintindex":0}}},{"name":"leftarm","from":[4.2349997,1.9999986,5.8999996],"to":[7.325,6.2149982,8.764999],"rotation":{"angle":0.0,"axis":"x","origin":[15.23,-14.890002,6.2]},"faces":{"down":{"uv":[9.9995,5.2495,11.2485,10.248],"rotation":0,"texture":"#0","tintindex":0},"east":{"uv":[5.2495,1.49975,10.248,13.7485],"rotation":0,"texture":"#0","tintindex":0},"north":{"uv":[13.5,5.5,16.0,9.75],"rotation":0,"texture":"#0","tintindex":0},"south":{"uv":[7.2495,3.74975,8.99775,12.495],"rotation":0,"texture":"#0","tintindex":0},"up":{"uv":[10.24975,4.25,10.99825,6.9985],"rotation":0,"texture":"#0","tintindex":0},"west":{"uv":[5.4995,0.7495,9.4995,15.996],"rotation":0,"texture":"#0","tintindex":0}}},{"name":"leftarm","from":[3.8000004,6.2,5.0449996],"to":[7.97,9.919998,9.62],"rotation":{"angle":0.0,"axis":"x","origin":[15.23,-14.890002,6.2]},"faces":{"down":{"uv":[9.9995,5.2495,11.2485,10.248],"rotation":0,"texture":"#0","tintindex":0},"east":{"uv":[5.2495,1.49975,10.248,13.7485],"rotation":0,"texture":"#0","tintindex":0},"north":{"uv":[11.0,8.75,16.0,4.5],"rotation":0,"texture":"#0","tintindex":0},"south":{"uv":[7.2495,3.74975,8.99775,12.495],"rotation":0,"texture":"#0","tintindex":0},"up":{"uv":[10.24975,4.25,10.99825,6.9985],"rotation":0,"texture":"#0","tintindex":0},"west":{"uv":[5.4995,0.7495,9.4995,15.996],"rotation":0,"texture":"#0","tintindex":0}}}],"display":{"head":{"translation":[0.0,-6.4,0.0],"rotation":[0.0,0.0,0.0],"scale":[3.8095,3.8095,3.8095]}}}